{
  "durations_seconds": [
    0.025323300000309246,
    0.02647140000044601,
    0.024239100000158942,
    0.026252899999235524,
    0.029263800000080664,
    0.024965599999632104,
    0.02388470000005327,
    0.02599740000005113,
    0.024565400000028603,
    0.02408099999956903,
    0.02420559999973193,
    0.03177770000002056
  ],
  "median_seconds": 0.025144449999970675,
  "min_seconds": 0.02388470000005327
}