{
  "executable": "G:\\Dx\\python\\artifacts\\official\\3.14.5\\embed-amd64\\python.exe",
  "jit": {
    "has_jit": true,
    "jit_available": true,
    "jit_enabled": true
  },
  "platform": "Windows-11-10.0.26200-SP0",
  "tasks": {
    "class_attr": {
      "checksum": "57602640000",
      "durations_seconds": [
        0.12234790000002249,
        0.11876369999936287,
        0.0919899999998961,
        0.10372850000021572,
        0.11491310000019439
      ],
      "median_seconds": 0.11491310000019439,
      "min_seconds": 0.0919899999998961
    },
    "decimal_math": {
      "checksum": "281389",
      "durations_seconds": [
        0.15469599999960337,
        0.09724479999931646,
        0.09199239999998099,
        0.0848837999992611,
        0.08723699999973178
      ],
      "median_seconds": 0.09199239999998099,
      "min_seconds": 0.0848837999992611
    },
    "function_calls": {
      "checksum": "3521294468",
      "durations_seconds": [
        0.19878830000016023,
        0.23085059999993973,
        0.18941420000010112,
        0.21665940000002593,
        0.22646120000081282
      ],
      "median_seconds": 0.21665940000002593,
      "min_seconds": 0.18941420000010112
    },
    "int_loop": {
      "checksum": "8999977",
      "durations_seconds": [
        0.140084200000274,
        0.16885249999995722,
        0.15268700000069657,
        0.1428115999997317,
        0.14595630000076198
      ],
      "median_seconds": 0.14595630000076198,
      "min_seconds": 0.140084200000274
    },
    "json_regex": {
      "checksum": "739574",
      "durations_seconds": [
        0.04754400000001624,
        0.0453840999998647,
        0.040393199999925855,
        0.04053860000021814,
        0.03416959999958635
      ],
      "median_seconds": 0.04053860000021814,
      "min_seconds": 0.03416959999958635
    },
    "list_dict": {
      "checksum": "366580725",
      "durations_seconds": [
        0.048220499999843014,
        0.05039149999993242,
        0.056569999999737774,
        0.054685199999767065,
        0.06426769999961834
      ],
      "median_seconds": 0.054685199999767065,
      "min_seconds": 0.048220499999843014
    }
  },
  "version": "3.14.5 (tags/v3.14.5:5607950, May 10 2026, 10:43:50) [MSC v.1944 64 bit (AMD64)]"
}