{
  "durations_seconds": [
    0.16627229999903648,
    0.12560209999901417,
    0.0824453999994148,
    0.12082949999967241,
    0.08317260000148963,
    0.1253156000002491,
    0.11647339999944961,
    0.11764519999996992,
    0.12255740000000515,
    0.19690909999917494,
    0.0938521000007313,
    0.35063829999853624,
    0.11083270000017365,
    0.07989330000054906,
    0.0913436000009824,
    0.14209130000017467,
    0.16629490000013902,
    0.11755930000072112,
    0.11986389999947278,
    0.06998539999949571
  ],
  "median_seconds": 0.11875454999972135,
  "min_seconds": 0.06998539999949571
}