{
  "executable": "G:\\Dx\\python\\cpython\\PCbuild\\amd64\\python.exe",
  "jit": {
    "has_jit": true,
    "jit_available": true,
    "jit_enabled": false
  },
  "platform": "Windows-11-10.0.26200-SP0",
  "tasks": {
    "class_attr": {
      "checksum": "57602640000",
      "durations_seconds": [
        0.378698099999383,
        0.4663947000008193,
        0.47931470000003173,
        0.416406399999687,
        0.4493657999992138,
        0.5580379000002722,
        0.600259200000437
      ],
      "median_seconds": 0.4663947000008193,
      "min_seconds": 0.378698099999383
    },
    "decimal_math": {
      "checksum": "281389",
      "durations_seconds": [
        0.10364819999995234,
        0.11029649999909452,
        0.11207029999968654,
        0.11251719999927445,
        0.11666859999968437,
        0.11646350000046368,
        0.10712160000002768
      ],
      "median_seconds": 0.11207029999968654,
      "min_seconds": 0.10364819999995234
    },
    "function_calls": {
      "checksum": "3521294468",
      "durations_seconds": [
        0.8313478000000032,
        0.7397507000005135,
        0.8082861000002595,
        0.7919974999986152,
        0.7547983999993448,
        0.8007111000006262,
        0.9385055000002467
      ],
      "median_seconds": 0.8007111000006262,
      "min_seconds": 0.7397507000005135
    },
    "int_loop": {
      "checksum": "8999977",
      "durations_seconds": [
        0.9744731000009779,
        0.7919000000001688,
        0.7633022999998502,
        0.5440661999982694,
        0.4937435000010737,
        0.5716549999997369,
        0.5490184999998746
      ],
      "median_seconds": 0.5716549999997369,
      "min_seconds": 0.4937435000010737
    },
    "json_regex": {
      "checksum": "739574",
      "durations_seconds": [
        0.03042249999998603,
        0.032521699999051634,
        0.031846100000620936,
        0.031219500000588596,
        0.0427668000011181,
        0.04439710000042396,
        0.04496399999879941
      ],
      "median_seconds": 0.032521699999051634,
      "min_seconds": 0.03042249999998603
    },
    "list_dict": {
      "checksum": "366580725",
      "durations_seconds": [
        0.08014879999973346,
        0.09893220000049041,
        0.09292100000129722,
        0.10341309999967052,
        0.1037292000000889,
        0.09579499999927066,
        0.08908210000117833
      ],
      "median_seconds": 0.09579499999927066,
      "min_seconds": 0.08014879999973346
    }
  },
  "version": "3.16.0a0 (heads/dev-dirty:5535c1f9c08, May 30 2026, 07:34:13) [MSC v.1950 64 bit (AMD64)]"
}