{
  "durations_seconds": [
    0.03810479999992822,
    0.031345800000053714,
    0.027445799998531584,
    0.02599209999971208,
    0.030263300001024618,
    0.026094900000316557,
    0.030650900000182446,
    0.02790180000010878,
    0.025126799999270588,
    0.02519639999991341,
    0.027012900000045192,
    0.02675249999992957
  ],
  "median_seconds": 0.027229349999288388,
  "min_seconds": 0.025126799999270588
}