{
  "executable": "G:\\Dx\\python\\cpython\\PCbuild\\amd64\\python.exe",
  "jit": {
    "has_jit": true,
    "jit_available": true,
    "jit_enabled": false
  },
  "platform": "Windows-11-10.0.26200-SP0",
  "tasks": {
    "class_attr": {
      "checksum": "57602640000",
      "durations_seconds": [
        0.23646970000118017,
        0.21797089999927266,
        0.25316749999910826,
        0.26988039999923785,
        0.31914449999931094
      ],
      "median_seconds": 0.25316749999910826,
      "min_seconds": 0.21797089999927266
    },
    "decimal_math": {
      "checksum": "281389",
      "durations_seconds": [
        0.1105039999984001,
        0.09644189999926311,
        0.0985809000012523,
        0.10713899999973364,
        0.09639319999951113
      ],
      "median_seconds": 0.0985809000012523,
      "min_seconds": 0.09639319999951113
    },
    "function_calls": {
      "checksum": "3521294468",
      "durations_seconds": [
        0.5031300000009651,
        0.45182109999950626,
        0.47915029999967373,
        0.43828909999865573,
        0.40855369999917457
      ],
      "median_seconds": 0.45182109999950626,
      "min_seconds": 0.40855369999917457
    },
    "int_loop": {
      "checksum": "8999977",
      "durations_seconds": [
        0.3744330000008631,
        0.31833069999993313,
        0.3135756000010588,
        0.31615570000030857,
        0.33208230000127514
      ],
      "median_seconds": 0.31833069999993313,
      "min_seconds": 0.3135756000010588
    },
    "json_regex": {
      "checksum": "739574",
      "durations_seconds": [
        0.029690699999264325,
        0.025947299998733797,
        0.02543100000002596,
        0.039518300000054296,
        0.03230979999898409
      ],
      "median_seconds": 0.029690699999264325,
      "min_seconds": 0.02543100000002596
    },
    "list_dict": {
      "checksum": "366580725",
      "durations_seconds": [
        0.0641873000004125,
        0.06653840000035416,
        0.06566820000080043,
        0.06251399999928253,
        0.0619899000012083
      ],
      "median_seconds": 0.0641873000004125,
      "min_seconds": 0.0619899000012083
    }
  },
  "version": "3.16.0a0 (heads/dev-dirty:5535c1f9c08, May 30 2026, 07:01:24) [MSC v.1950 64 bit (AMD64)]"
}