{
  "durations_seconds": [
    2.6378310000000056,
    0.6355031000002782,
    0.6040671000000657,
    0.7178255999997418,
    0.4686503000002631,
    0.5527159000002939,
    0.7569122999993851,
    0.7096777999995538,
    0.4637124999999287,
    0.3687706000000617,
    0.22827890000007756,
    0.28642970000055357,
    0.13721679999980552,
    0.37360030000036204,
    0.3439218000003166,
    0.3498268999992433
  ],
  "median_seconds": 0.4661814000000959,
  "min_seconds": 0.13721679999980552
}