{
  "executable": "G:\\Dx\\python\\cpython\\PCbuild\\amd64\\python.exe",
  "jit": {
    "has_jit": true,
    "jit_available": true,
    "jit_enabled": false
  },
  "platform": "Windows-11-10.0.26200-SP0",
  "tasks": {
    "class_attr": {
      "checksum": "57602640000",
      "durations_seconds": [
        0.35215320000042993,
        0.2893050000002404,
        0.3277730999998312,
        0.36441980000017793,
        0.4185462000004918,
        0.441695599999548,
        0.37284579999959533
      ],
      "median_seconds": 0.36441980000017793,
      "min_seconds": 0.2893050000002404
    },
    "decimal_math": {
      "checksum": "281389",
      "durations_seconds": [
        0.22276859999965382,
        0.25918970000020636,
        0.20498260000022128,
        0.18536949999997887,
        0.14365189999989525,
        0.1573126000002958,
        0.15959689999999682
      ],
      "median_seconds": 0.18536949999997887,
      "min_seconds": 0.14365189999989525
    },
    "function_calls": {
      "checksum": "3521294468",
      "durations_seconds": [
        0.5543461000006573,
        0.7677004000006491,
        0.778337300000203,
        0.8054928999999902,
        0.8282432000005429,
        1.38554909999948,
        1.4804214000005231
      ],
      "median_seconds": 0.8054928999999902,
      "min_seconds": 0.5543461000006573
    },
    "int_loop": {
      "checksum": "8999977",
      "durations_seconds": [
        1.4055463000004238,
        1.1782859999993889,
        0.8354306000001088,
        0.5606205999993108,
        0.4922718999996505,
        0.4917707000004157,
        0.4910624000003736
      ],
      "median_seconds": 0.5606205999993108,
      "min_seconds": 0.4910624000003736
    },
    "json_regex": {
      "checksum": "739574",
      "durations_seconds": [
        0.09927930000048946,
        0.10187349999978323,
        0.07754320000003645,
        0.0557914000000892,
        0.056314800000109244,
        0.06815569999980653,
        0.06776780000018334
      ],
      "median_seconds": 0.06815569999980653,
      "min_seconds": 0.0557914000000892
    },
    "list_dict": {
      "checksum": "366580725",
      "durations_seconds": [
        0.3701062999998612,
        0.2430979999999181,
        0.2244367000002967,
        0.23885169999994105,
        0.15531100000043807,
        0.15154230000007374,
        0.20679800000016257
      ],
      "median_seconds": 0.2244367000002967,
      "min_seconds": 0.15154230000007374
    }
  },
  "version": "3.16.0a0 (heads/dev-dirty:5535c1f9c08, May 30 2026, 05:06:48) [MSC v.1950 64 bit (AMD64)]"
}