{
  "durations_seconds": [
    0.0355039999994915,
    0.031137500000113505,
    0.026385699999082135,
    0.03147290000015346,
    0.03070099999968079,
    0.026706700000431738,
    0.03145059999951627,
    0.029197100000601495,
    0.02505829999972775,
    0.034486499998820364,
    0.02932619999955932,
    0.03368649999902118
  ],
  "median_seconds": 0.030919249999897147,
  "min_seconds": 0.02505829999972775
}