{
  "executable": "G:\\Dx\\python\\cpython\\PCbuild\\amd64\\python.exe",
  "jit": {
    "has_jit": true,
    "jit_available": true,
    "jit_enabled": true
  },
  "platform": "Windows-11-10.0.26200-SP0",
  "tasks": {
    "class_attr": {
      "checksum": "57602640000",
      "durations_seconds": [
        0.08505570000124862,
        0.09378529999958118,
        0.09065480000026582,
        0.09044080000057875,
        0.08999250000124448
      ],
      "median_seconds": 0.09044080000057875,
      "min_seconds": 0.08505570000124862
    },
    "decimal_math": {
      "checksum": "281389",
      "durations_seconds": [
        0.07445370000095863,
        0.09290030000011029,
        0.07389160000093398,
        0.07396090000111144,
        0.07565600000089034
      ],
      "median_seconds": 0.07445370000095863,
      "min_seconds": 0.07389160000093398
    },
    "function_calls": {
      "checksum": "3521294468",
      "durations_seconds": [
        0.21350930000153312,
        0.23366209999949206,
        0.24967579999974987,
        0.21174629999950412,
        0.20950269999957527
      ],
      "median_seconds": 0.21350930000153312,
      "min_seconds": 0.20950269999957527
    },
    "int_loop": {
      "checksum": "8999977",
      "durations_seconds": [
        0.2841182000011031,
        0.2600886000000173,
        0.33429919999980484,
        0.23071519999939483,
        0.1752425000013318
      ],
      "median_seconds": 0.2600886000000173,
      "min_seconds": 0.1752425000013318
    },
    "json_regex": {
      "checksum": "739574",
      "durations_seconds": [
        0.020719000000099186,
        0.020635099999708473,
        0.021966500000417,
        0.02061640000101761,
        0.02305500000147731
      ],
      "median_seconds": 0.020719000000099186,
      "min_seconds": 0.02061640000101761
    },
    "list_dict": {
      "checksum": "366580725",
      "durations_seconds": [
        0.0489395999993576,
        0.05361810000067635,
        0.04373750000013388,
        0.04448389999924984,
        0.04349910000019008
      ],
      "median_seconds": 0.04448389999924984,
      "min_seconds": 0.04349910000019008
    }
  },
  "version": "3.16.0a0 (heads/dev-dirty:5535c1f9c08, May 30 2026, 07:01:24) [MSC v.1950 64 bit (AMD64)]"
}