{
  "durations_seconds": [
    0.06875419999960286,
    0.06790120000005118,
    0.17250830000011774,
    0.05308849999892118,
    0.08728879999944184,
    0.1290447999999742,
    0.051078800001050695,
    0.06518259999938891,
    0.0838739999999234,
    0.045736599999145255,
    0.05045590000008815,
    0.11516669999946316,
    0.06693079999968177,
    0.16208710000137216,
    0.05556639999849722,
    0.14681549999841081,
    0.06945539999833272,
    0.0849869999983639,
    0.045424400001138565,
    0.06281420000050275
  ],
  "median_seconds": 0.06832769999982702,
  "min_seconds": 0.045424400001138565
}