{
  "executable": "G:\\Dx\\python\\artifacts\\official\\3.14.5\\pythoncore-amd64\\runtime\\python.exe",
  "jit": {
    "has_jit": true,
    "jit_available": true,
    "jit_enabled": false
  },
  "platform": "Windows-11-10.0.26200-SP0",
  "tasks": {
    "class_attr": {
      "checksum": "57602640000",
      "durations_seconds": [
        0.197338399999353,
        0.19125829999939015,
        0.16530219999913243,
        0.1594756000013149,
        0.16253340000002936,
        0.1794369999988703,
        0.1933446000002732
      ],
      "median_seconds": 0.1794369999988703,
      "min_seconds": 0.1594756000013149
    },
    "decimal_math": {
      "checksum": "281389",
      "durations_seconds": [
        0.0935667999983707,
        0.09044790000007197,
        0.11578799999915645,
        0.10799559999941266,
        0.09049129999948491,
        0.09209720000035304,
        0.09507979999943927
      ],
      "median_seconds": 0.0935667999983707,
      "min_seconds": 0.09044790000007197
    },
    "function_calls": {
      "checksum": "3521294468",
      "durations_seconds": [
        0.3960213999998814,
        0.28246410000065225,
        0.27589980000084324,
        0.2696505000003526,
        0.3402408000001742,
        0.40635219999967376,
        0.357242000000042
      ],
      "median_seconds": 0.3402408000001742,
      "min_seconds": 0.2696505000003526
    },
    "int_loop": {
      "checksum": "8999977",
      "durations_seconds": [
        0.2347992000013619,
        0.22367800000029092,
        0.2420258999991347,
        0.20952009999928123,
        0.19071200000144017,
        0.16973890000008396,
        0.1794917000006535
      ],
      "median_seconds": 0.20952009999928123,
      "min_seconds": 0.16973890000008396
    },
    "json_regex": {
      "checksum": "739574",
      "durations_seconds": [
        0.03287810000074387,
        0.026203400000667898,
        0.02963599999930011,
        0.027123400001073605,
        0.029413000000204192,
        0.02385859999958484,
        0.02503930000057153
      ],
      "median_seconds": 0.027123400001073605,
      "min_seconds": 0.02385859999958484
    },
    "list_dict": {
      "checksum": "366580725",
      "durations_seconds": [
        0.07792899999913061,
        0.07727490000070247,
        0.07638060000135738,
        0.06337260000145761,
        0.07394349999958649,
        0.063606499999878,
        0.05968320000101812
      ],
      "median_seconds": 0.07394349999958649,
      "min_seconds": 0.05968320000101812
    }
  },
  "version": "3.14.5 (tags/v3.14.5:5607950, May 10 2026, 10:43:50) [MSC v.1944 64 bit (AMD64)]"
}