{
  "durations_seconds": [
    0.027068500001405482,
    0.02568569999857573,
    0.03374149999945075,
    0.026308300000891904,
    0.027183500000319327,
    0.02588350000041828,
    0.02645690000099421,
    0.02584729999944102,
    0.02670429999852786,
    0.025841200000286335,
    0.026389700000436278,
    0.027587800001128926,
    0.02681979999942996,
    0.03142090000073949,
    0.03189759999986563,
    0.02819149999959336,
    0.02815589999954682,
    0.028132900000855443,
    0.028565200000230107,
    0.028465999999752967
  ],
  "median_seconds": 0.027126000000862405,
  "min_seconds": 0.02568569999857573
}