{
  "executable": "G:\\Dx\\python\\artifacts\\official\\3.14.5\\pythoncore-amd64\\runtime\\python.exe",
  "jit": {
    "has_jit": true,
    "jit_available": true,
    "jit_enabled": true
  },
  "platform": "Windows-11-10.0.26200-SP0",
  "tasks": {
    "class_attr": {
      "checksum": "57602640000",
      "durations_seconds": [
        0.1913776000001235,
        0.16172369999912917,
        0.18435670000144455,
        0.14518169999973907,
        0.15276239999911922,
        0.20136690000072122,
        0.2170088000002579
      ],
      "median_seconds": 0.18435670000144455,
      "min_seconds": 0.14518169999973907
    },
    "decimal_math": {
      "checksum": "281389",
      "durations_seconds": [
        0.11546619999899121,
        0.137036199999784,
        0.15462959999968007,
        0.12954520000130287,
        0.18997440000021015,
        0.21047379999981786,
        0.18485119999968447
      ],
      "median_seconds": 0.15462959999968007,
      "min_seconds": 0.11546619999899121
    },
    "function_calls": {
      "checksum": "3521294468",
      "durations_seconds": [
        0.3946090000008553,
        0.3727091000000655,
        0.3452517000005173,
        0.27321959999972023,
        0.33881470000051195,
        0.5018870999992942,
        0.3822725999998511
      ],
      "median_seconds": 0.3727091000000655,
      "min_seconds": 0.27321959999972023
    },
    "int_loop": {
      "checksum": "8999977",
      "durations_seconds": [
        0.14701049999894167,
        0.18638850000024831,
        0.2354713000004267,
        0.28273059999992256,
        0.26132830000096874,
        0.25958969999919645,
        0.31701629999952274
      ],
      "median_seconds": 0.25958969999919645,
      "min_seconds": 0.14701049999894167
    },
    "json_regex": {
      "checksum": "739574",
      "durations_seconds": [
        0.026586199999655946,
        0.021822499998961575,
        0.021147299999938696,
        0.02115860000048997,
        0.02058469999974477,
        0.033361300000251504,
        0.025362599999425584
      ],
      "median_seconds": 0.021822499998961575,
      "min_seconds": 0.02058469999974477
    },
    "list_dict": {
      "checksum": "366580725",
      "durations_seconds": [
        0.09097939999992377,
        0.07461709999915911,
        0.07659410000087519,
        0.08357119999891438,
        0.07440649999989546,
        0.057018999999854714,
        0.051727300000493415
      ],
      "median_seconds": 0.07461709999915911,
      "min_seconds": 0.051727300000493415
    }
  },
  "version": "3.14.5 (tags/v3.14.5:5607950, May 10 2026, 10:43:50) [MSC v.1944 64 bit (AMD64)]"
}