{
  "durations_seconds": [
    0.03177349999896251,
    0.029344599999603815,
    0.037709399999585,
    0.03846509999857517,
    0.04123710000567371
  ],
  "median_seconds": 0.037709399999585,
  "min_seconds": 0.029344599999603815
}