{
  "durations_seconds": [
    0.023441200000888784,
    0.02299210000091989,
    0.02489600000080827,
    0.023736700000881683,
    0.024051500000496162,
    0.023594000000230153,
    0.026318399999581743,
    0.02416079999966314,
    0.024556899999879533,
    0.024339199999303673,
    0.02465220000158297,
    0.024832200000673765
  ],
  "median_seconds": 0.024249999999483407,
  "min_seconds": 0.02299210000091989
}