{
  "executable": "G:\\Dx\\python\\artifacts\\official\\3.14.5\\pythoncore-amd64\\runtime\\python.exe",
  "jit": {
    "has_jit": true,
    "jit_available": true,
    "jit_enabled": true
  },
  "platform": "Windows-11-10.0.26200-SP0",
  "tasks": {
    "class_attr": {
      "checksum": "57602640000",
      "durations_seconds": [
        0.09689299999990908,
        0.09555920000093465,
        0.09950509999907808,
        0.09808599999996659,
        0.11565750000045227
      ],
      "median_seconds": 0.09808599999996659,
      "min_seconds": 0.09555920000093465
    },
    "decimal_math": {
      "checksum": "281389",
      "durations_seconds": [
        0.07364180000149645,
        0.0834608000004664,
        0.09061740000106511,
        0.07100049999826297,
        0.09332779999931518
      ],
      "median_seconds": 0.0834608000004664,
      "min_seconds": 0.07100049999826297
    },
    "function_calls": {
      "checksum": "3521294468",
      "durations_seconds": [
        0.17240179999862448,
        0.1774701999984245,
        0.18286780000016734,
        0.16937660000075994,
        0.18068709999897692
      ],
      "median_seconds": 0.1774701999984245,
      "min_seconds": 0.16937660000075994
    },
    "int_loop": {
      "checksum": "8999977",
      "durations_seconds": [
        0.1375287999999273,
        0.1343221999995876,
        0.15128639999966254,
        0.13362860000052024,
        0.13549329999841575
      ],
      "median_seconds": 0.13549329999841575,
      "min_seconds": 0.13362860000052024
    },
    "json_regex": {
      "checksum": "739574",
      "durations_seconds": [
        0.03117539999948349,
        0.020678299999417504,
        0.03138480000052368,
        0.025797399999646586,
        0.026441199999680975
      ],
      "median_seconds": 0.026441199999680975,
      "min_seconds": 0.020678299999417504
    },
    "list_dict": {
      "checksum": "366580725",
      "durations_seconds": [
        0.04575649999969755,
        0.05442180000136432,
        0.060899599999174825,
        0.056708699999944656,
        0.049111899999843445
      ],
      "median_seconds": 0.05442180000136432,
      "min_seconds": 0.04575649999969755
    }
  },
  "version": "3.14.5 (tags/v3.14.5:5607950, May 10 2026, 10:43:50) [MSC v.1944 64 bit (AMD64)]"
}