{
  "durations_seconds": [
    0.0413202000054298,
    0.0385766000035801,
    0.041875100003380794,
    0.036380000005010515,
    0.039959399997314904
  ],
  "median_seconds": 0.039959399997314904,
  "min_seconds": 0.036380000005010515
}