{
  "durations_seconds": [
    0.026478499996301252,
    0.026917400005913805,
    0.029777199997624848,
    0.02723400000104448,
    0.03089650000038091
  ],
  "median_seconds": 0.02723400000104448,
  "min_seconds": 0.026478499996301252
}