{
  "durations_seconds": [
    0.06769440000061877,
    0.04918750000069849,
    0.06247099999927741,
    0.0852128000005905,
    0.08460989999912272,
    0.11464720000003581,
    0.06393720000050962,
    0.05372870000064722,
    0.045569399999294546,
    0.048596299999189796,
    0.039663800000198535,
    0.0419266000008065,
    0.040946299999632174,
    0.04227639999953681,
    0.04170630000044184,
    0.05419889999939187,
    0.044577800001206924,
    0.03974960000050487,
    0.041403500001251814,
    0.03794170000037411
  ],
  "median_seconds": 0.04708284999924217,
  "min_seconds": 0.03794170000037411
}