{
  "executable": "G:\\Dx\\python\\cpython\\PCbuild\\amd64\\python.exe",
  "jit": {
    "has_jit": true,
    "jit_available": true,
    "jit_enabled": true
  },
  "platform": "Windows-11-10.0.26200-SP0",
  "tasks": {
    "class_attr": {
      "checksum": "57602640000",
      "durations_seconds": [
        0.21534820000124455,
        0.1775353000011819,
        0.15987179999865475,
        0.16943050000008952,
        0.1749333999996452,
        0.17028840000057244,
        0.15592430000106106
      ],
      "median_seconds": 0.17028840000057244,
      "min_seconds": 0.15592430000106106
    },
    "decimal_math": {
      "checksum": "281389",
      "durations_seconds": [
        0.18717739999920013,
        0.20734599999923375,
        0.2156288999995013,
        0.223714600000676,
        0.23148179999952845,
        0.2544063000004826,
        0.21292170000015176
      ],
      "median_seconds": 0.2156288999995013,
      "min_seconds": 0.18717739999920013
    },
    "function_calls": {
      "checksum": "3521294468",
      "durations_seconds": [
        0.6817260000007082,
        0.5184874999995372,
        0.4502503000003344,
        0.6201256000003923,
        0.5278746999993018,
        0.505600599999525,
        0.4063833000000159
      ],
      "median_seconds": 0.5184874999995372,
      "min_seconds": 0.4063833000000159
    },
    "int_loop": {
      "checksum": "8999977",
      "durations_seconds": [
        0.330186600000161,
        0.3646274999991874,
        0.35245860000031826,
        0.32867500000065775,
        0.3125603999997111,
        0.3051288000006025,
        0.3346897999999783
      ],
      "median_seconds": 0.330186600000161,
      "min_seconds": 0.3051288000006025
    },
    "json_regex": {
      "checksum": "739574",
      "durations_seconds": [
        0.04339119999895047,
        0.050207699998281896,
        0.042347099999460625,
        0.05044439999983297,
        0.050522300000011455,
        0.0421422999988863,
        0.07961230000000796
      ],
      "median_seconds": 0.050207699998281896,
      "min_seconds": 0.0421422999988863
    },
    "list_dict": {
      "checksum": "366580725",
      "durations_seconds": [
        0.08078480000040145,
        0.09080209999956423,
        0.08008060000065598,
        0.08462849999887112,
        0.0799193999991985,
        0.10349569999925734,
        0.08262310000100115
      ],
      "median_seconds": 0.08262310000100115,
      "min_seconds": 0.0799193999991985
    }
  },
  "version": "3.16.0a0 (heads/dev-dirty:5535c1f9c08, May 30 2026, 07:34:13) [MSC v.1950 64 bit (AMD64)]"
}