{
  "durations_seconds": [
    0.02892119999978604,
    0.024889999999686552,
    0.027683799999977055,
    0.025033799999619077,
    0.026253799999722105,
    0.023987799999304116,
    0.025414699999600998,
    0.024836900000082096,
    0.02673049999975774,
    0.02595839999958116,
    0.028785100000277453,
    0.02571780000016588
  ],
  "median_seconds": 0.02583809999987352,
  "min_seconds": 0.023987799999304116
}