{
  "executable": "G:\\Dx\\python\\cpython\\PCbuild\\amd64\\python.exe",
  "jit": {
    "has_jit": true,
    "jit_available": true,
    "jit_enabled": true
  },
  "platform": "Windows-11-10.0.26200-SP0",
  "tasks": {
    "class_attr": {
      "checksum": "57602640000",
      "durations_seconds": [
        0.26721079999970243,
        0.2588415999998688,
        0.2738727000005383,
        0.28616169999986596,
        0.2405414999993809
      ],
      "median_seconds": 0.26721079999970243,
      "min_seconds": 0.2405414999993809
    },
    "decimal_math": {
      "checksum": "281389",
      "durations_seconds": [
        0.09582969999974011,
        0.0792090000004464,
        0.0858368999997765,
        0.07907829999930982,
        0.08543809999991936
      ],
      "median_seconds": 0.08543809999991936,
      "min_seconds": 0.07907829999930982
    },
    "function_calls": {
      "checksum": "3521294468",
      "durations_seconds": [
        0.4982356999998956,
        0.474836299999879,
        0.5119457000000693,
        0.4498647999998866,
        0.49791430000004766
      ],
      "median_seconds": 0.49791430000004766,
      "min_seconds": 0.4498647999998866
    },
    "int_loop": {
      "checksum": "8999977",
      "durations_seconds": [
        0.13351369999963936,
        0.14462469999944005,
        0.1377394999999524,
        0.1338874000002761,
        0.1442285000002812
      ],
      "median_seconds": 0.1377394999999524,
      "min_seconds": 0.13351369999963936
    },
    "json_regex": {
      "checksum": "739574",
      "durations_seconds": [
        0.02620310000020254,
        0.021836599999915052,
        0.02215029999933904,
        0.024245300000075076,
        0.02423319999979867
      ],
      "median_seconds": 0.02423319999979867,
      "min_seconds": 0.021836599999915052
    },
    "list_dict": {
      "checksum": "366580725",
      "durations_seconds": [
        0.04560049999963667,
        0.04573580000032962,
        0.0631983000002947,
        0.057161799999448704,
        0.05244940000011411
      ],
      "median_seconds": 0.05244940000011411,
      "min_seconds": 0.04560049999963667
    }
  },
  "version": "3.16.0a0 (heads/dev-dirty:5535c1f9c08, May 30 2026, 05:06:48) [MSC v.1950 64 bit (AMD64)]"
}