{
  "durations_seconds": [
    0.05362259999674279,
    0.02547939999931259,
    0.025768399995286018,
    0.026323399993998464,
    0.029041800000413787
  ],
  "median_seconds": 0.026323399993998464,
  "min_seconds": 0.02547939999931259
}