{
  "durations_seconds": [
    0.03955820000010135,
    0.034424700000272423,
    0.03777850000005856,
    0.03681779999988066,
    0.03407530000004044,
    0.03376099999968574,
    0.03603130000010424,
    0.03732939999918017,
    0.0355996000007508,
    0.03197630000067875,
    0.03731139999945299,
    0.03418430000056105
  ],
  "median_seconds": 0.03581545000042752,
  "min_seconds": 0.03197630000067875
}