{
  "executable": "G:\\Dx\\python\\cpython\\PCbuild\\amd64\\python.exe",
  "jit": {
    "has_jit": true,
    "jit_available": true,
    "jit_enabled": false
  },
  "platform": "Windows-11-10.0.26200-SP0",
  "tasks": {
    "class_attr": {
      "checksum": "57602640000",
      "durations_seconds": [
        0.2897698999995555,
        0.25513930000033724,
        0.2453710999998293,
        0.2565527999995538,
        0.2750417999995989
      ],
      "median_seconds": 0.2565527999995538,
      "min_seconds": 0.2453710999998293
    },
    "decimal_math": {
      "checksum": "281389",
      "durations_seconds": [
        0.10466829999950278,
        0.09217540000008739,
        0.09238079999977344,
        0.10488299999997253,
        0.12517159999970318
      ],
      "median_seconds": 0.10466829999950278,
      "min_seconds": 0.09217540000008739
    },
    "function_calls": {
      "checksum": "3521294468",
      "durations_seconds": [
        0.5774431999998342,
        0.4794081999998525,
        0.4672934999998688,
        0.49653350000062346,
        0.4158055999996577
      ],
      "median_seconds": 0.4794081999998525,
      "min_seconds": 0.4158055999996577
    },
    "int_loop": {
      "checksum": "8999977",
      "durations_seconds": [
        0.3774231999996118,
        0.40880030000062106,
        0.3601223999994545,
        0.3861025000005611,
        0.33139659999960713
      ],
      "median_seconds": 0.3774231999996118,
      "min_seconds": 0.33139659999960713
    },
    "json_regex": {
      "checksum": "739574",
      "durations_seconds": [
        0.033422600000449165,
        0.02487620000010793,
        0.04548419999991893,
        0.038870000000315486,
        0.02753870000015013
      ],
      "median_seconds": 0.033422600000449165,
      "min_seconds": 0.02487620000010793
    },
    "list_dict": {
      "checksum": "366580725",
      "durations_seconds": [
        0.09284669999942707,
        0.08843510000042443,
        0.09607299999970564,
        0.0935274000003119,
        0.0740654999999606
      ],
      "median_seconds": 0.09284669999942707,
      "min_seconds": 0.0740654999999606
    }
  },
  "version": "3.16.0a0 (heads/dev-dirty:5535c1f9c08, May 30 2026, 05:06:48) [MSC v.1950 64 bit (AMD64)]"
}