{
  "durations_seconds": [
    0.040494699999726436,
    0.03732940000008966,
    0.030688299999383162,
    0.0678912000003038,
    0.03675500000008469,
    0.0386092999997345,
    0.06718559999990248,
    0.039120899999943504,
    0.037821299999450275,
    0.03956079999989015,
    0.030095399999481742,
    0.03338829999938753,
    0.03810399999929359,
    0.11805309999999736,
    0.03797670000039943,
    0.03500789999998233
  ],
  "median_seconds": 0.03804034999984651,
  "min_seconds": 0.030095399999481742
}