{
  "executable": "G:\\Dx\\python\\cpython\\PCbuild\\amd64\\python.exe",
  "jit": {
    "has_jit": true,
    "jit_available": true,
    "jit_enabled": true
  },
  "platform": "Windows-11-10.0.26200-SP0",
  "tasks": {
    "class_attr": {
      "checksum": "57602640000",
      "durations_seconds": [
        0.37787829999979294,
        0.30595789999915723,
        0.24303409999993164,
        0.22933800000009796,
        0.23503979999986768,
        0.26098480000018753,
        0.2225207000001319
      ],
      "median_seconds": 0.24303409999993164,
      "min_seconds": 0.2225207000001319
    },
    "decimal_math": {
      "checksum": "281389",
      "durations_seconds": [
        0.08145379999950819,
        0.10593489999973826,
        0.07579929999974411,
        0.08395370000016555,
        0.08904220000022178,
        0.07650439999997616,
        0.07460819999960222
      ],
      "median_seconds": 0.08145379999950819,
      "min_seconds": 0.07460819999960222
    },
    "function_calls": {
      "checksum": "3521294468",
      "durations_seconds": [
        0.418666900000062,
        0.43569960000058927,
        0.44001489999936894,
        0.40658429999984946,
        0.41906639999979234,
        0.4211479999994481,
        0.4540440999999191
      ],
      "median_seconds": 0.4211479999994481,
      "min_seconds": 0.40658429999984946
    },
    "int_loop": {
      "checksum": "8999977",
      "durations_seconds": [
        0.17020859999956883,
        0.1512945000004038,
        0.14763360000051762,
        0.13732749999962834,
        0.15042889999949693,
        0.15578559999994468,
        0.1517665000001216
      ],
      "median_seconds": 0.1512945000004038,
      "min_seconds": 0.13732749999962834
    },
    "json_regex": {
      "checksum": "739574",
      "durations_seconds": [
        0.021150399999896763,
        0.021710300000449934,
        0.021636800000123912,
        0.021949299999505456,
        0.022259800000028918,
        0.02160089999961201,
        0.02116310000019439
      ],
      "median_seconds": 0.021636800000123912,
      "min_seconds": 0.021150399999896763
    },
    "list_dict": {
      "checksum": "366580725",
      "durations_seconds": [
        0.06383390000064537,
        0.05395489999955316,
        0.054451500000141095,
        0.056447900000421214,
        0.058068500000445056,
        0.04920049999964249,
        0.05705889999990177
      ],
      "median_seconds": 0.056447900000421214,
      "min_seconds": 0.04920049999964249
    }
  },
  "version": "3.16.0a0 (heads/dev-dirty:5535c1f9c08, May 30 2026, 05:06:48) [MSC v.1950 64 bit (AMD64)]"
}