{
  "durations_seconds": [
    0.052561800002877135,
    0.06886559999838937,
    0.04540949999500299,
    0.061642599997867364,
    0.052941800000553485
  ],
  "median_seconds": 0.052941800000553485,
  "min_seconds": 0.04540949999500299
}