{
  "durations_seconds": [
    0.03165050000006886,
    0.030983499999820197,
    0.02661050000006071,
    0.026673599999412545,
    0.02584850000039296,
    0.02600689999962924,
    0.02684289999979228,
    0.030632900000455265,
    0.032412399999884656,
    0.028031300000293413,
    0.02809479999996256,
    0.026229500000226835,
    0.027123300000312156,
    0.027310699999361532,
    0.027657599999656668,
    0.02768019999984972
  ],
  "median_seconds": 0.0274841499995091,
  "min_seconds": 0.02584850000039296
}