{
  "executable": "G:\\Dx\\python\\artifacts\\official\\3.14.5\\pythoncore-amd64\\runtime\\python.exe",
  "jit": {
    "has_jit": true,
    "jit_available": true,
    "jit_enabled": false
  },
  "platform": "Windows-11-10.0.26200-SP0",
  "tasks": {
    "class_attr": {
      "checksum": "57602640000",
      "durations_seconds": [
        0.1362187000004269,
        0.13248120000025665,
        0.15367670000068756,
        0.14030209999964427,
        0.13236480000068696,
        0.11749159999999392,
        0.11894790000042121
      ],
      "median_seconds": 0.13248120000025665,
      "min_seconds": 0.11749159999999392
    },
    "decimal_math": {
      "checksum": "281389",
      "durations_seconds": [
        0.10214540000015404,
        0.08287310000014259,
        0.093962000000829,
        0.09936480000033043,
        0.09168430000045191,
        0.08043170000019018,
        0.09142719999999827
      ],
      "median_seconds": 0.09168430000045191,
      "min_seconds": 0.08043170000019018
    },
    "function_calls": {
      "checksum": "3521294468",
      "durations_seconds": [
        0.23745640000015555,
        0.28346479999981966,
        0.212086200000158,
        0.21725719999994908,
        0.24585249999927328,
        0.2981590999997934,
        0.3230860000003304
      ],
      "median_seconds": 0.24585249999927328,
      "min_seconds": 0.212086200000158
    },
    "int_loop": {
      "checksum": "8999977",
      "durations_seconds": [
        0.15594529999998485,
        0.16776759999993374,
        0.15742239999963203,
        0.20854719999988447,
        0.15717929999937041,
        0.16933789999984583,
        0.1624469999997018
      ],
      "median_seconds": 0.1624469999997018,
      "min_seconds": 0.15594529999998485
    },
    "json_regex": {
      "checksum": "739574",
      "durations_seconds": [
        0.039046500000040396,
        0.03305420000015147,
        0.03977110000050743,
        0.03384329999971669,
        0.03399540000009438,
        0.027818999999908556,
        0.023743600000670995
      ],
      "median_seconds": 0.03384329999971669,
      "min_seconds": 0.023743600000670995
    },
    "list_dict": {
      "checksum": "366580725",
      "durations_seconds": [
        0.07095329999992828,
        0.0717837000001964,
        0.061857700000473415,
        0.06938480000007985,
        0.07171680000010383,
        0.06976530000065395,
        0.06345259999943664
      ],
      "median_seconds": 0.06976530000065395,
      "min_seconds": 0.061857700000473415
    }
  },
  "version": "3.14.5 (tags/v3.14.5:5607950, May 10 2026, 10:43:50) [MSC v.1944 64 bit (AMD64)]"
}