{
  "durations_seconds": [
    0.05155920000106562,
    0.04303059999983816,
    0.04963240000142832,
    0.04995330000019749,
    0.037808099999892875,
    0.03859989999909885,
    0.04689659999894502,
    0.03742160000001604,
    0.03588370000034047,
    0.02995059999921068,
    0.029385599998931866,
    0.02613990000099875
  ],
  "median_seconds": 0.03820399999949586,
  "min_seconds": 0.02613990000099875
}