{
  "executable": "G:\\Dx\\python\\cpython\\PCbuild\\amd64\\python.exe",
  "jit": {
    "has_jit": true,
    "jit_available": true,
    "jit_enabled": true
  },
  "platform": "Windows-11-10.0.26200-SP0",
  "tasks": {
    "class_attr": {
      "checksum": "57602640000",
      "durations_seconds": [
        0.2027191999986826,
        0.17843750000065484,
        0.1345655999994051,
        0.13427899999987858,
        0.10353389999909268
      ],
      "median_seconds": 0.1345655999994051,
      "min_seconds": 0.10353389999909268
    },
    "decimal_math": {
      "checksum": "281389",
      "durations_seconds": [
        0.13188009999976202,
        0.1606781000009505,
        0.18984660000023723,
        0.14064699999835284,
        0.16758110000046145
      ],
      "median_seconds": 0.1606781000009505,
      "min_seconds": 0.13188009999976202
    },
    "function_calls": {
      "checksum": "3521294468",
      "durations_seconds": [
        0.26570340000034776,
        0.3912569000003714,
        0.37694030000056955,
        0.4087753000003431,
        0.46403600000121514
      ],
      "median_seconds": 0.3912569000003714,
      "min_seconds": 0.26570340000034776
    },
    "int_loop": {
      "checksum": "8999977",
      "durations_seconds": [
        0.15266089999931864,
        0.16368599999987055,
        0.15574240000023565,
        0.16411239999979443,
        0.13740519999919343
      ],
      "median_seconds": 0.15574240000023565,
      "min_seconds": 0.13740519999919343
    },
    "json_regex": {
      "checksum": "739574",
      "durations_seconds": [
        0.03407270000025164,
        0.030370899999979883,
        0.042540500000541215,
        0.037016700000094716,
        0.03261179999935848
      ],
      "median_seconds": 0.03407270000025164,
      "min_seconds": 0.030370899999979883
    },
    "list_dict": {
      "checksum": "366580725",
      "durations_seconds": [
        0.07924350000030245,
        0.07896160000018426,
        0.07814650000000256,
        0.07507339999938267,
        0.0749932999988232
      ],
      "median_seconds": 0.07814650000000256,
      "min_seconds": 0.0749932999988232
    }
  },
  "version": "3.16.0a0 (heads/dev-dirty:5535c1f9c08, May 30 2026, 05:06:48) [MSC v.1950 64 bit (AMD64)]"
}