{
  "durations_seconds": [
    0.02624610000020766,
    0.02496160000009695,
    0.029628600000251026,
    0.0251936000004207,
    0.024837599999955273,
    0.029806099999404978,
    0.027277899999717192,
    0.03489279999939754,
    0.03845649999948364,
    0.037045799999759765,
    0.03352279999944585,
    0.03497869999955583,
    0.03148770000007062,
    0.0324852000003375,
    0.03118960000028892,
    0.03159669999968173
  ],
  "median_seconds": 0.03133865000017977,
  "min_seconds": 0.024837599999955273
}