{
  "executable": "G:\\Dx\\python\\cpython\\PCbuild\\amd64\\python.exe",
  "jit": {
    "has_jit": true,
    "jit_available": true,
    "jit_enabled": true
  },
  "platform": "Windows-11-10.0.26200-SP0",
  "tasks": {
    "class_attr": {
      "checksum": "57602640000",
      "durations_seconds": [
        0.26263269999981276,
        0.2384409999995114,
        0.2331915000004301,
        0.3161590999998225,
        0.2968982000002143,
        0.30433799999991606,
        0.2635670999998183
      ],
      "median_seconds": 0.2635670999998183,
      "min_seconds": 0.2331915000004301
    },
    "decimal_math": {
      "checksum": "281389",
      "durations_seconds": [
        0.12966280000000552,
        0.11094990000037797,
        0.10280920000059268,
        0.10409230000004754,
        0.10131670000009763,
        0.1321576999998797,
        0.08635969999977533
      ],
      "median_seconds": 0.10409230000004754,
      "min_seconds": 0.08635969999977533
    },
    "function_calls": {
      "checksum": "3521294468",
      "durations_seconds": [
        0.4116464000007909,
        0.481804000000011,
        0.4594354000000749,
        0.5829032999999981,
        0.5764964999998483,
        0.5029457000000548,
        0.48787149999952817
      ],
      "median_seconds": 0.48787149999952817,
      "min_seconds": 0.4116464000007909
    },
    "int_loop": {
      "checksum": "8999977",
      "durations_seconds": [
        0.1762551000001622,
        0.17049599999972997,
        0.17144899999948393,
        0.1917273999997633,
        0.20323929999995016,
        0.1814609000002747,
        0.2128777000007176
      ],
      "median_seconds": 0.1814609000002747,
      "min_seconds": 0.17049599999972997
    },
    "json_regex": {
      "checksum": "739574",
      "durations_seconds": [
        0.03378439999960392,
        0.037557500000730215,
        0.03536179999991873,
        0.03576969999994617,
        0.04011369999989256,
        0.028416199999810487,
        0.033540000000357395
      ],
      "median_seconds": 0.03536179999991873,
      "min_seconds": 0.028416199999810487
    },
    "list_dict": {
      "checksum": "366580725",
      "durations_seconds": [
        0.07194520000030025,
        0.051123399999596586,
        0.06335480000052485,
        0.04686989999936486,
        0.0529184000006353,
        0.06323359999987588,
        0.06043319999935193
      ],
      "median_seconds": 0.06043319999935193,
      "min_seconds": 0.04686989999936486
    }
  },
  "version": "3.16.0a0 (heads/dev-dirty:5535c1f9c08, May 30 2026, 05:06:48) [MSC v.1950 64 bit (AMD64)]"
}