{
  "durations_seconds": [
    0.026907999999821186,
    0.026671799998439383,
    0.023926800000481308,
    0.02362379999976838,
    0.024560699999710778,
    0.023170799999206793,
    0.024159500000678236,
    0.024953000000095926,
    0.033419200000935234,
    0.026501199999984237,
    0.024544699999751174,
    0.02980790000037814
  ],
  "median_seconds": 0.024756849999903352,
  "min_seconds": 0.023170799999206793
}