{
  "executable": "G:\\Dx\\python\\cpython\\PCbuild\\amd64\\python.exe",
  "jit": {
    "has_jit": true,
    "jit_available": true,
    "jit_enabled": true
  },
  "platform": "Windows-11-10.0.26200-SP0",
  "tasks": {
    "class_attr": {
      "checksum": "57602640000",
      "durations_seconds": [
        0.092139499998666,
        0.11061320000044361,
        0.08978559999923164,
        0.09022829999958049,
        0.09220650000133901
      ],
      "median_seconds": 0.092139499998666,
      "min_seconds": 0.08978559999923164
    },
    "decimal_math": {
      "checksum": "281389",
      "durations_seconds": [
        0.10538180000003194,
        0.11274330000014743,
        0.09188489999905869,
        0.10867250000046624,
        0.09946270000000368
      ],
      "median_seconds": 0.10538180000003194,
      "min_seconds": 0.09188489999905869
    },
    "function_calls": {
      "checksum": "3521294468",
      "durations_seconds": [
        0.23302370000055816,
        0.27371189999939816,
        0.27092560000164667,
        0.23172990000057325,
        0.41606189999947674
      ],
      "median_seconds": 0.27092560000164667,
      "min_seconds": 0.23172990000057325
    },
    "int_loop": {
      "checksum": "8999977",
      "durations_seconds": [
        0.13513599999896542,
        0.13335560000086844,
        0.1372787000000244,
        0.1315446000007796,
        0.15205059999971127
      ],
      "median_seconds": 0.13513599999896542,
      "min_seconds": 0.1315446000007796
    },
    "json_regex": {
      "checksum": "739574",
      "durations_seconds": [
        0.0227257999995345,
        0.022497199999634176,
        0.02290040000116278,
        0.024745200000324985,
        0.023204000000987435
      ],
      "median_seconds": 0.02290040000116278,
      "min_seconds": 0.022497199999634176
    },
    "list_dict": {
      "checksum": "366580725",
      "durations_seconds": [
        0.09707279999929597,
        0.06028899999910209,
        0.04871670000102313,
        0.05087739999908081,
        0.048541099999056314
      ],
      "median_seconds": 0.05087739999908081,
      "min_seconds": 0.048541099999056314
    }
  },
  "version": "3.16.0a0 (heads/dev-dirty:5535c1f9c08, May 30 2026, 07:01:24) [MSC v.1950 64 bit (AMD64)]"
}