{
  "durations_seconds": [
    0.057461500000499655,
    0.03794579999521375,
    0.043820499995490536,
    0.045017800002824515,
    0.049477399996249005
  ],
  "median_seconds": 0.045017800002824515,
  "min_seconds": 0.03794579999521375
}