{
  "durations_seconds": [
    0.03334229999927629,
    0.02651979999973264,
    0.02492540000093868,
    0.023702500000581495,
    0.024435700001049554,
    0.028727200000503217,
    0.024628400000437978,
    0.023579099999551545,
    0.024069400000371388,
    0.032361999999920954,
    0.02485970000088855,
    0.024537700001019402
  ],
  "median_seconds": 0.024744050000663265,
  "min_seconds": 0.023579099999551545
}