{
  "executable": "G:\\Dx\\python\\cpython\\PCbuild\\amd64\\python.exe",
  "jit": {
    "has_jit": true,
    "jit_available": true,
    "jit_enabled": true
  },
  "platform": "Windows-11-10.0.26200-SP0",
  "tasks": {
    "class_attr": {
      "checksum": "57602640000",
      "durations_seconds": [
        0.0864173000009032,
        0.08264719999897352,
        0.08851230000072974,
        0.09960489999866695,
        0.09068099999967671
      ],
      "median_seconds": 0.08851230000072974,
      "min_seconds": 0.08264719999897352
    },
    "decimal_math": {
      "checksum": "281389",
      "durations_seconds": [
        0.07715289999941888,
        0.08808209999915562,
        0.08708630000000994,
        0.07307530000070983,
        0.07504479999988689
      ],
      "median_seconds": 0.07715289999941888,
      "min_seconds": 0.07307530000070983
    },
    "function_calls": {
      "checksum": "3521294468",
      "durations_seconds": [
        0.21007859999917855,
        0.23015709999890532,
        0.22352519999913056,
        0.2186697000015556,
        0.20856520000052114
      ],
      "median_seconds": 0.2186697000015556,
      "min_seconds": 0.20856520000052114
    },
    "int_loop": {
      "checksum": "8999977",
      "durations_seconds": [
        0.12952399999994668,
        0.14302239999960875,
        0.17702680000002147,
        0.16883980000056908,
        0.1633655000005092
      ],
      "median_seconds": 0.1633655000005092,
      "min_seconds": 0.12952399999994668
    },
    "json_regex": {
      "checksum": "739574",
      "durations_seconds": [
        0.0490073000000848,
        0.044120500000644824,
        0.03652230000079726,
        0.048000900000261026,
        0.04267209999852639
      ],
      "median_seconds": 0.044120500000644824,
      "min_seconds": 0.03652230000079726
    },
    "list_dict": {
      "checksum": "366580725",
      "durations_seconds": [
        0.044118199999502394,
        0.04230910000114818,
        0.04258829999889713,
        0.0429245000013907,
        0.050756900000124006
      ],
      "median_seconds": 0.0429245000013907,
      "min_seconds": 0.04230910000114818
    }
  },
  "version": "3.16.0a0 (heads/dev-dirty:5535c1f9c08, May 30 2026, 07:01:24) [MSC v.1950 64 bit (AMD64)]"
}