{
  "durations_seconds": [
    0.04331859999911103,
    0.03415029999996477,
    0.03791020000062417,
    0.03588599999966391,
    0.03204630000072939,
    0.0359757999995054,
    0.03530569999929867,
    0.03385850000086066,
    0.03443409999999858,
    0.03727509999953327,
    0.03730309999991732,
    0.03078300000015588,
    0.03594070000144711,
    0.03639540000040142,
    0.03835109999999986,
    0.032441499999549706,
    0.03151900000011665,
    0.03039559999888297,
    0.03378770000017539,
    0.03589110000029905
  ],
  "median_seconds": 0.03559584999948129,
  "min_seconds": 0.03039559999888297
}