{
  "executable": "G:\\Dx\\python\\cpython\\PCbuild\\amd64\\python.exe",
  "jit": {
    "has_jit": true,
    "jit_available": false,
    "jit_enabled": false
  },
  "platform": "Windows-11-10.0.26200-SP0",
  "tasks": {
    "class_attr": {
      "checksum": "57602640000",
      "durations_seconds": [
        0.2372856000001775,
        0.2529961000000185,
        0.2788754000011977,
        0.24812689999998838,
        0.2292488000002777,
        0.28269640000144136,
        0.31200320000061765
      ],
      "median_seconds": 0.2529961000000185,
      "min_seconds": 0.2292488000002777
    },
    "decimal_math": {
      "checksum": "281389",
      "durations_seconds": [
        0.10117299999910756,
        0.10438760000033653,
        0.09684820000074978,
        0.10839359999954468,
        0.1048544999994192,
        0.12403810000068916,
        0.1258772000001045
      ],
      "median_seconds": 0.1048544999994192,
      "min_seconds": 0.09684820000074978
    },
    "function_calls": {
      "checksum": "3521294468",
      "durations_seconds": [
        0.6336293999993359,
        0.4343012000008457,
        0.4485917000001791,
        0.45511270000133663,
        0.4236027999995713,
        0.46647289999964414,
        0.4486919000009948
      ],
      "median_seconds": 0.4486919000009948,
      "min_seconds": 0.4236027999995713
    },
    "int_loop": {
      "checksum": "8999977",
      "durations_seconds": [
        0.4598722999999154,
        0.34874329999911424,
        0.4674533000015799,
        0.6064983999985998,
        0.515834800000448,
        0.4623492000009719,
        0.5339905000000726
      ],
      "median_seconds": 0.4674533000015799,
      "min_seconds": 0.34874329999911424
    },
    "json_regex": {
      "checksum": "739574",
      "durations_seconds": [
        0.028313699998761876,
        0.025716199999806122,
        0.02476369999931194,
        0.02730090000113705,
        0.034075099998517544,
        0.031519500000285916,
        0.02698950000012701
      ],
      "median_seconds": 0.02730090000113705,
      "min_seconds": 0.02476369999931194
    },
    "list_dict": {
      "checksum": "366580725",
      "durations_seconds": [
        0.07703979999860167,
        0.08019039999999222,
        0.07392149999941466,
        0.07149179999942135,
        0.08156700000108685,
        0.07358430000022054,
        0.07709969999996247
      ],
      "median_seconds": 0.07703979999860167,
      "min_seconds": 0.07149179999942135
    }
  },
  "version": "3.16.0a0 (heads/dev-dirty:5535c1f9c08, May 30 2026, 07:20:18) [MSC v.1950 64 bit (AMD64)]"
}