{
  "durations_seconds": [
    0.035117200000968296,
    0.03778940000483999,
    0.03720369999791728,
    0.03802749999886146,
    0.03741799999988871
  ],
  "median_seconds": 0.03741799999988871,
  "min_seconds": 0.035117200000968296
}