{
  "durations_seconds": [
    0.031525800000054005,
    0.024164099999325117,
    0.02452350000021397,
    0.02427369999986695,
    0.02649450000080833,
    0.02440149999983987,
    0.024565599999732513,
    0.02472719999968831,
    0.023746699999719567,
    0.026690400000006775,
    0.029679000000214728,
    0.027918799999497423,
    0.027775999999903433,
    0.02528399999937392,
    0.026090000000294822,
    0.026353600000220467
  ],
  "median_seconds": 0.02568699999983437,
  "min_seconds": 0.023746699999719567
}