{
  "executable": "G:\\Dx\\python\\cpython\\PCbuild\\amd64\\python.exe",
  "jit": {
    "has_jit": true,
    "jit_available": true,
    "jit_enabled": false
  },
  "platform": "Windows-11-10.0.26200-SP0",
  "tasks": {
    "class_attr": {
      "checksum": "57602640000",
      "durations_seconds": [
        0.23654959999930725,
        0.22565840000061144,
        0.24371590000009746,
        0.25322269999924174,
        0.2553600999999617,
        0.28885230000014417,
        0.2910711000004085
      ],
      "median_seconds": 0.25322269999924174,
      "min_seconds": 0.22565840000061144
    },
    "decimal_math": {
      "checksum": "281389",
      "durations_seconds": [
        0.12036239999997633,
        0.10489710000001651,
        0.13165979999939736,
        0.11148849999972299,
        0.09812869999950635,
        0.09434080000028189,
        0.09513870000046154
      ],
      "median_seconds": 0.10489710000001651,
      "min_seconds": 0.09434080000028189
    },
    "function_calls": {
      "checksum": "3521294468",
      "durations_seconds": [
        0.734727600000042,
        0.5246604999992996,
        0.6538864000003741,
        0.5514137999998638,
        0.44933279999986553,
        0.564387500000521,
        0.5612013999998453
      ],
      "median_seconds": 0.5612013999998453,
      "min_seconds": 0.44933279999986553
    },
    "int_loop": {
      "checksum": "8999977",
      "durations_seconds": [
        0.3581523000002562,
        0.34331599999950413,
        0.3369865000004211,
        0.3492556000001059,
        0.3423440999995364,
        0.3701057000007495,
        0.35506290000012086
      ],
      "median_seconds": 0.3492556000001059,
      "min_seconds": 0.3369865000004211
    },
    "json_regex": {
      "checksum": "739574",
      "durations_seconds": [
        0.04110249999939697,
        0.031218099999932747,
        0.02711870000075578,
        0.040825000000040745,
        0.030800100000305974,
        0.04267890000028274,
        0.030274899999312765
      ],
      "median_seconds": 0.031218099999932747,
      "min_seconds": 0.02711870000075578
    },
    "list_dict": {
      "checksum": "366580725",
      "durations_seconds": [
        0.06400169999960781,
        0.06402969999999186,
        0.0849858999999924,
        0.07072089999928721,
        0.06417090000013559,
        0.07272569999986445,
        0.06639270000050601
      ],
      "median_seconds": 0.06639270000050601,
      "min_seconds": 0.06400169999960781
    }
  },
  "version": "3.16.0a0 (heads/dev-dirty:5535c1f9c08, May 30 2026, 05:06:48) [MSC v.1950 64 bit (AMD64)]"
}