{
  "durations_seconds": [
    0.036758000000190805,
    0.029775299999528215,
    0.028366500000629458,
    0.031447499999558204,
    0.032975900001474656,
    0.034423099999912665,
    0.037360599999374244,
    0.03506509999897389,
    0.03656489999957557,
    0.029649600000993814,
    0.034304299999348586,
    0.03743399999984831
  ],
  "median_seconds": 0.034363699999630626,
  "min_seconds": 0.028366500000629458
}