{
  "executable": "G:\\Dx\\python\\cpython\\PCbuild\\amd64\\python.exe",
  "jit": {
    "has_jit": true,
    "jit_available": true,
    "jit_enabled": false
  },
  "platform": "Windows-11-10.0.26200-SP0",
  "tasks": {
    "class_attr": {
      "checksum": "57602640000",
      "durations_seconds": [
        0.34334039999885135,
        0.3414342000014585,
        0.2788017000002583,
        0.23583420000068145,
        0.237281300000177
      ],
      "median_seconds": 0.2788017000002583,
      "min_seconds": 0.23583420000068145
    },
    "decimal_math": {
      "checksum": "281389",
      "durations_seconds": [
        0.11380740000095102,
        0.08698389999881329,
        0.08886200000051758,
        0.09747729999980947,
        0.10497579999901063
      ],
      "median_seconds": 0.09747729999980947,
      "min_seconds": 0.08698389999881329
    },
    "function_calls": {
      "checksum": "3521294468",
      "durations_seconds": [
        0.43777810000028694,
        0.5091477000005398,
        0.4484250000004977,
        0.4279151999999158,
        0.4809772000007797
      ],
      "median_seconds": 0.4484250000004977,
      "min_seconds": 0.4279151999999158
    },
    "int_loop": {
      "checksum": "8999977",
      "durations_seconds": [
        0.34003519999896525,
        0.4093606999995245,
        0.3265765999985888,
        0.31025450000015553,
        0.33116789999985485
      ],
      "median_seconds": 0.33116789999985485,
      "min_seconds": 0.31025450000015553
    },
    "json_regex": {
      "checksum": "739574",
      "durations_seconds": [
        0.023655799999687588,
        0.023673499999858905,
        0.038236699998378754,
        0.038978900000074646,
        0.030544600000212085
      ],
      "median_seconds": 0.030544600000212085,
      "min_seconds": 0.023655799999687588
    },
    "list_dict": {
      "checksum": "366580725",
      "durations_seconds": [
        0.06788819999928819,
        0.06255020000025979,
        0.06450179999956163,
        0.06633080000028713,
        0.07061630000134755
      ],
      "median_seconds": 0.06633080000028713,
      "min_seconds": 0.06255020000025979
    }
  },
  "version": "3.16.0a0 (heads/dev-dirty:5535c1f9c08, May 30 2026, 07:01:24) [MSC v.1950 64 bit (AMD64)]"
}