{
  "durations_seconds": [
    0.02986830000008922,
    0.03728399999999965,
    0.043375100000048405,
    0.03226429999995162,
    0.034843700001147226,
    0.03680750000057742,
    0.031275100000129896,
    0.025700599999254337,
    0.026003200000559445,
    0.027165199999217293,
    0.02543629999854602,
    0.02972120000049472
  ],
  "median_seconds": 0.03057170000010956,
  "min_seconds": 0.02543629999854602
}