{
  "executable": "G:\\Dx\\python\\cpython\\PCbuild\\amd64\\python.exe",
  "jit": {
    "has_jit": true,
    "jit_available": true,
    "jit_enabled": true
  },
  "platform": "Windows-11-10.0.26200-SP0",
  "tasks": {
    "class_attr": {
      "checksum": "57602640000",
      "durations_seconds": [
        0.13274989999990794,
        0.1472897000003286,
        0.13057459999981802,
        0.18742349999956787,
        0.13175009999940812
      ],
      "median_seconds": 0.13274989999990794,
      "min_seconds": 0.13057459999981802
    },
    "decimal_math": {
      "checksum": "281389",
      "durations_seconds": [
        0.10907229999975243,
        0.09565119999933813,
        0.09865720000016154,
        0.12082819999886851,
        0.09512080000058631
      ],
      "median_seconds": 0.09865720000016154,
      "min_seconds": 0.09512080000058631
    },
    "function_calls": {
      "checksum": "3521294468",
      "durations_seconds": [
        0.32479959999909624,
        0.36456120000002556,
        0.41672920000019076,
        0.5073018000002776,
        0.45339009999952395
      ],
      "median_seconds": 0.41672920000019076,
      "min_seconds": 0.32479959999909624
    },
    "int_loop": {
      "checksum": "8999977",
      "durations_seconds": [
        0.28573379999943427,
        0.2538341000017681,
        0.23344809999980498,
        0.2094649999999092,
        0.22676599999977043
      ],
      "median_seconds": 0.23344809999980498,
      "min_seconds": 0.2094649999999092
    },
    "json_regex": {
      "checksum": "739574",
      "durations_seconds": [
        0.03811099999984435,
        0.026988499999788473,
        0.030520899999828544,
        0.02974950000134413,
        0.0260242999993352
      ],
      "median_seconds": 0.02974950000134413,
      "min_seconds": 0.0260242999993352
    },
    "list_dict": {
      "checksum": "366580725",
      "durations_seconds": [
        0.07587500000045111,
        0.07360239999979967,
        0.0653822999993281,
        0.053515300000071875,
        0.0596784999997908
      ],
      "median_seconds": 0.0653822999993281,
      "min_seconds": 0.053515300000071875
    }
  },
  "version": "3.16.0a0 (heads/dev-dirty:5535c1f9c08, May 30 2026, 05:06:48) [MSC v.1950 64 bit (AMD64)]"
}