{
  "durations_seconds": [
    0.024152599999069935,
    0.02295369999956165,
    0.02353919999950449,
    0.023975400001290836,
    0.023652100000617793,
    0.023654200000237324,
    0.023145400000430527,
    0.023432099998899503,
    0.02570729999933974,
    0.02550890000020445,
    0.025635099998908117,
    0.027595199999268516
  ],
  "median_seconds": 0.02381480000076408,
  "min_seconds": 0.02295369999956165
}