{
  "executable": "G:\\Dx\\python\\cpython\\PCbuild\\amd64\\python.exe",
  "jit": {
    "has_jit": true,
    "jit_available": true,
    "jit_enabled": true
  },
  "platform": "Windows-11-10.0.26200-SP0",
  "tasks": {
    "class_attr": {
      "checksum": "57602640000",
      "durations_seconds": [
        0.09105989999989106,
        0.0977671000000555,
        0.08836840000003576,
        0.09021709999979066,
        0.0851399000002857
      ],
      "median_seconds": 0.09021709999979066,
      "min_seconds": 0.0851399000002857
    },
    "decimal_math": {
      "checksum": "281389",
      "durations_seconds": [
        0.09750540000095498,
        0.12021109999841428,
        0.1001323999989836,
        0.0838487000000896,
        0.09776770000098622
      ],
      "median_seconds": 0.09776770000098622,
      "min_seconds": 0.0838487000000896
    },
    "function_calls": {
      "checksum": "3521294468",
      "durations_seconds": [
        0.446653700000752,
        0.37885889999961364,
        0.43816850000075647,
        0.3589835000002495,
        0.40522469999996247
      ],
      "median_seconds": 0.40522469999996247,
      "min_seconds": 0.3589835000002495
    },
    "int_loop": {
      "checksum": "8999977",
      "durations_seconds": [
        0.26595650000126625,
        0.18210759999965376,
        0.15617120000024443,
        0.17461009999897215,
        0.1703161999994336
      ],
      "median_seconds": 0.17461009999897215,
      "min_seconds": 0.15617120000024443
    },
    "json_regex": {
      "checksum": "739574",
      "durations_seconds": [
        0.021336300000257324,
        0.021810299998833216,
        0.021282699999574106,
        0.021280700000716024,
        0.026588200000333018
      ],
      "median_seconds": 0.021336300000257324,
      "min_seconds": 0.021280700000716024
    },
    "list_dict": {
      "checksum": "366580725",
      "durations_seconds": [
        0.060062000000471016,
        0.04979830000047514,
        0.05400709999958053,
        0.046786499999143416,
        0.049116300000605406
      ],
      "median_seconds": 0.04979830000047514,
      "min_seconds": 0.046786499999143416
    }
  },
  "version": "3.16.0a0 (heads/dev-dirty:5535c1f9c08, May 30 2026, 07:01:24) [MSC v.1950 64 bit (AMD64)]"
}