{
  "durations_seconds": [
    0.1796245999939856,
    0.02764010000100825,
    0.026468199997907504,
    0.025841599999694154,
    0.034372200003417674
  ],
  "median_seconds": 0.02764010000100825,
  "min_seconds": 0.025841599999694154
}