{
  "durations_seconds": [
    0.038479699999697914,
    0.03303680000044551,
    0.03396049999992101,
    0.034065300000293064,
    0.03263960000003863,
    0.03292790000068635,
    0.03213880000021163,
    0.03270040000006702,
    0.032387300000664254,
    0.03362829999969108,
    0.03879159999996773,
    0.04011480000008305,
    0.036046600000190665,
    0.038321199999700184,
    0.03745379999963916,
    0.037134299999706855
  ],
  "median_seconds": 0.03401290000010704,
  "min_seconds": 0.03213880000021163
}