{
  "executable": "G:\\Dx\\python\\cpython\\PCbuild\\amd64\\python.exe",
  "jit": {
    "has_jit": true,
    "jit_available": true,
    "jit_enabled": true
  },
  "platform": "Windows-11-10.0.26200-SP0",
  "tasks": {
    "class_attr": {
      "checksum": "57602640000",
      "durations_seconds": [
        0.4644035999999687,
        0.44608100000004924,
        0.5175546999998915,
        0.42195989999981975,
        0.3548542999997153,
        0.3148085999991963,
        0.2812789999998131
      ],
      "median_seconds": 0.42195989999981975,
      "min_seconds": 0.2812789999998131
    },
    "decimal_math": {
      "checksum": "281389",
      "durations_seconds": [
        0.12615499999992608,
        0.18780150000020512,
        0.21775870000055875,
        0.20263230000000476,
        0.2107307000005676,
        0.14851679999992484,
        0.11892309999984718
      ],
      "median_seconds": 0.18780150000020512,
      "min_seconds": 0.11892309999984718
    },
    "function_calls": {
      "checksum": "3521294468",
      "durations_seconds": [
        0.8043341000002329,
        0.7184033000003183,
        0.7791603000005125,
        0.8689370000001873,
        0.811135099999774,
        0.8378625000004831,
        0.5739908000005016
      ],
      "median_seconds": 0.8043341000002329,
      "min_seconds": 0.5739908000005016
    },
    "int_loop": {
      "checksum": "8999977",
      "durations_seconds": [
        0.4058327000002464,
        0.3787575000005745,
        0.4235459000001356,
        0.32233219999943685,
        0.2562545999999202,
        0.24564490000011574,
        0.23580450000008568
      ],
      "median_seconds": 0.32233219999943685,
      "min_seconds": 0.23580450000008568
    },
    "json_regex": {
      "checksum": "739574",
      "durations_seconds": [
        0.0312805000003209,
        0.03313429999980144,
        0.03420249999999214,
        0.031809099999918544,
        0.02987609999945562,
        0.02976790000047913,
        0.030642400000033376
      ],
      "median_seconds": 0.0312805000003209,
      "min_seconds": 0.02976790000047913
    },
    "list_dict": {
      "checksum": "366580725",
      "durations_seconds": [
        0.1359106999998403,
        0.11144879999937984,
        0.091919900000903,
        0.09978420000061305,
        0.08941119999963121,
        0.07421369999974559,
        0.07440419999966252
      ],
      "median_seconds": 0.091919900000903,
      "min_seconds": 0.07421369999974559
    }
  },
  "version": "3.16.0a0 (heads/dev-dirty:5535c1f9c08, May 30 2026, 05:06:48) [MSC v.1950 64 bit (AMD64)]"
}