{
  "durations_seconds": [
    0.032915900002990384,
    0.03212910000002012,
    0.026274199997715186,
    0.03461590000370052,
    0.031045600000652485
  ],
  "median_seconds": 0.03212910000002012,
  "min_seconds": 0.026274199997715186
}