{
  "durations_seconds": [
    0.039525700000012876,
    0.03507060000083584,
    0.03752589999930933,
    0.03916089999984251,
    0.04427919999943697,
    0.06799280000086583,
    0.046987100000478677,
    0.041698499999256455,
    0.04701289999866276,
    0.049063599999499274,
    0.043539499998587416,
    0.04901299999983166,
    0.05993520000083663,
    0.07280600000012782,
    0.0755327999995643,
    0.1648858000007749,
    0.15394600000036007,
    0.5505247000000963,
    0.25160200000027544,
    0.44566300000042247
  ],
  "median_seconds": 0.04903829999966547,
  "min_seconds": 0.03507060000083584
}