{
  "executable": "G:\\Dx\\python\\artifacts\\official\\3.14.5\\pythoncore-amd64\\runtime\\python.exe",
  "jit": {
    "has_jit": true,
    "jit_available": true,
    "jit_enabled": true
  },
  "platform": "Windows-11-10.0.26200-SP0",
  "tasks": {
    "class_attr": {
      "checksum": "57602640000",
      "durations_seconds": [
        0.24725969999963127,
        0.17495790000066336,
        0.20721599999887985,
        0.21196989999953075,
        0.18040649999966263,
        0.16011739999885322,
        0.21904140000151529
      ],
      "median_seconds": 0.20721599999887985,
      "min_seconds": 0.16011739999885322
    },
    "decimal_math": {
      "checksum": "281389",
      "durations_seconds": [
        0.17255280000063067,
        0.24436689999856753,
        0.22189819999948668,
        0.19845649999842863,
        0.24630099999922095,
        0.21193730000049982,
        0.16286679999939224
      ],
      "median_seconds": 0.21193730000049982,
      "min_seconds": 0.16286679999939224
    },
    "function_calls": {
      "checksum": "3521294468",
      "durations_seconds": [
        0.35691770000084944,
        0.4302320000006148,
        0.3357346000011603,
        0.42282479999994393,
        0.3639364000009664,
        0.3695534000016778,
        0.49219429999902786
      ],
      "median_seconds": 0.3695534000016778,
      "min_seconds": 0.3357346000011603
    },
    "int_loop": {
      "checksum": "8999977",
      "durations_seconds": [
        0.33879390000038256,
        0.3300728000012896,
        0.29725580000012997,
        0.2830355000005511,
        0.24857199999860313,
        0.21480150000024878,
        0.20099950000076205
      ],
      "median_seconds": 0.2830355000005511,
      "min_seconds": 0.20099950000076205
    },
    "json_regex": {
      "checksum": "739574",
      "durations_seconds": [
        0.043953200000032666,
        0.04429859999982,
        0.04320189999998547,
        0.041081700001086574,
        0.05027979999977106,
        0.036416700000700075,
        0.04005030000007537
      ],
      "median_seconds": 0.04320189999998547,
      "min_seconds": 0.036416700000700075
    },
    "list_dict": {
      "checksum": "366580725",
      "durations_seconds": [
        0.15576569999939238,
        0.13638150000042515,
        0.12263960000018415,
        0.096620600001188,
        0.08209180000085325,
        0.09038460000010673,
        0.08679409999967902
      ],
      "median_seconds": 0.096620600001188,
      "min_seconds": 0.08209180000085325
    }
  },
  "version": "3.14.5 (tags/v3.14.5:5607950, May 10 2026, 10:43:50) [MSC v.1944 64 bit (AMD64)]"
}