{
  "durations_seconds": [
    0.05056860000058805,
    0.04751810000016121,
    0.060076699999626726,
    0.10987349999959406,
    0.08492939999996452,
    0.09015520000048127,
    0.06353339999986929,
    0.05935959999987972,
    0.08480090000011842,
    0.059518900000512076,
    0.09500310000021273,
    0.070152400000552,
    0.0616319000000658,
    0.07313309999972262,
    0.09733999999934895,
    0.05537339999955293
  ],
  "median_seconds": 0.06684290000021065,
  "min_seconds": 0.04751810000016121
}