{
  "executable": "G:\\Dx\\python\\artifacts\\official\\3.14.5\\embed-amd64\\python.exe",
  "jit": {
    "has_jit": true,
    "jit_available": true,
    "jit_enabled": false
  },
  "platform": "Windows-11-10.0.26200-SP0",
  "tasks": {
    "class_attr": {
      "checksum": "57602640000",
      "durations_seconds": [
        0.31440680000014254,
        0.24720650000017486,
        0.27711750000071333,
        0.2122244000001956,
        0.18203989999983605,
        0.20281929999964632,
        0.2298913000004177
      ],
      "median_seconds": 0.2298913000004177,
      "min_seconds": 0.18203989999983605
    },
    "decimal_math": {
      "checksum": "281389",
      "durations_seconds": [
        0.1275249000000258,
        0.1289775000004738,
        0.13471060000028956,
        0.13915389999965555,
        0.1693935999992391,
        0.13798029999998107,
        0.1599794000003385
      ],
      "median_seconds": 0.13798029999998107,
      "min_seconds": 0.1275249000000258
    },
    "function_calls": {
      "checksum": "3521294468",
      "durations_seconds": [
        0.5506776000001992,
        0.5503205000004527,
        0.5828940999999759,
        0.5463544999993246,
        0.4875855000000229,
        0.454134100000374,
        0.5229373000001942
      ],
      "median_seconds": 0.5463544999993246,
      "min_seconds": 0.454134100000374
    },
    "int_loop": {
      "checksum": "8999977",
      "durations_seconds": [
        0.5643818999997166,
        0.3872096999994028,
        0.44083190000037575,
        0.38175669999964157,
        0.34725369999978284,
        0.3531322999997428,
        0.3627298999999766
      ],
      "median_seconds": 0.38175669999964157,
      "min_seconds": 0.34725369999978284
    },
    "json_regex": {
      "checksum": "739574",
      "durations_seconds": [
        0.06488069999977597,
        0.0535570000001826,
        0.05360659999951167,
        0.05219059999944875,
        0.050396900000123424,
        0.04844539999976405,
        0.0453375999995842
      ],
      "median_seconds": 0.05219059999944875,
      "min_seconds": 0.0453375999995842
    },
    "list_dict": {
      "checksum": "366580725",
      "durations_seconds": [
        0.11424509999960719,
        0.08708410000053846,
        0.10782070000004751,
        0.16531010000016977,
        0.10098479999942356,
        0.09580370000003313,
        0.09662509999998292
      ],
      "median_seconds": 0.10098479999942356,
      "min_seconds": 0.08708410000053846
    }
  },
  "version": "3.14.5 (tags/v3.14.5:5607950, May 10 2026, 10:43:50) [MSC v.1944 64 bit (AMD64)]"
}