{
  "durations_seconds": [
    0.08696349999991071,
    0.06549249999989115,
    0.12612970000009227,
    0.1096164000009594,
    0.07539039999937813,
    0.05374839999967662,
    0.055092399999921327,
    0.048062600000776,
    0.05856149999999616,
    0.054475700000693905,
    0.1079104999989795,
    0.0441804999991291,
    0.0428873000000749,
    0.043430899999293615,
    0.04417510000166658,
    0.053186299999651965,
    0.05144300000029034,
    0.0494736999989982,
    0.049389700001484016,
    0.0438213999987056
  ],
  "median_seconds": 0.05346734999966429,
  "min_seconds": 0.0428873000000749
}