{
  "executable": "G:\\Dx\\python\\cpython\\PCbuild\\amd64\\python.exe",
  "jit": {
    "has_jit": true,
    "jit_available": true,
    "jit_enabled": true
  },
  "platform": "Windows-11-10.0.26200-SP0",
  "tasks": {
    "class_attr": {
      "checksum": "57602640000",
      "durations_seconds": [
        0.17799569999988307,
        0.21135669999966922,
        0.19938489999913145,
        0.17773110000052839,
        0.1954345000012836,
        0.2175480999994761,
        0.19976609999866923
      ],
      "median_seconds": 0.19938489999913145,
      "min_seconds": 0.17773110000052839
    },
    "decimal_math": {
      "checksum": "281389",
      "durations_seconds": [
        0.131952600000659,
        0.1492569000001822,
        0.11467509999965841,
        0.094620699999723,
        0.08702630000152567,
        0.11811829999896872,
        0.1306830000012269
      ],
      "median_seconds": 0.11811829999896872,
      "min_seconds": 0.08702630000152567
    },
    "function_calls": {
      "checksum": "3521294468",
      "durations_seconds": [
        0.6660705000012968,
        0.6307691999991221,
        0.5119656999995641,
        0.4044885000002978,
        0.3195980000000418,
        0.34203729999899224,
        0.35217260000172246
      ],
      "median_seconds": 0.4044885000002978,
      "min_seconds": 0.3195980000000418
    },
    "int_loop": {
      "checksum": "8999977",
      "durations_seconds": [
        0.3068200000016077,
        0.3150396999990335,
        0.32766130000163685,
        0.370155500000692,
        0.35894310000003316,
        0.3332043000009435,
        0.29972620000080497
      ],
      "median_seconds": 0.32766130000163685,
      "min_seconds": 0.29972620000080497
    },
    "json_regex": {
      "checksum": "739574",
      "durations_seconds": [
        0.034355300000243005,
        0.02817970000069181,
        0.03244059999997262,
        0.03946689999975206,
        0.04027180000048247,
        0.03520059999937075,
        0.04092239999954472
      ],
      "median_seconds": 0.03520059999937075,
      "min_seconds": 0.02817970000069181
    },
    "list_dict": {
      "checksum": "366580725",
      "durations_seconds": [
        0.06148909999865282,
        0.07373189999998431,
        0.07878779999919061,
        0.07034900000144262,
        0.05054999999993015,
        0.055206400000315625,
        0.07319819999975152
      ],
      "median_seconds": 0.07034900000144262,
      "min_seconds": 0.05054999999993015
    }
  },
  "version": "3.16.0a0 (heads/dev-dirty:5535c1f9c08, May 30 2026, 07:34:13) [MSC v.1950 64 bit (AMD64)]"
}