{
  "durations_seconds": [
    0.025645699999586213,
    0.029275100001541432,
    0.025655299999925774,
    0.027691700001014397,
    0.026649499995983206
  ],
  "median_seconds": 0.026649499995983206,
  "min_seconds": 0.025645699999586213
}