{
  "durations_seconds": [
    0.04760339999847929,
    0.04891700000007404,
    0.04247070000019448,
    0.04079209999872546,
    0.043874599999981,
    0.042339699999502045,
    0.03717340000002878,
    0.03281050000077812,
    0.03143079999972542,
    0.03208160000031057,
    0.031162399998720502,
    0.027788600000349106
  ],
  "median_seconds": 0.03898274999937712,
  "min_seconds": 0.027788600000349106
}