{
  "executable": "G:\\Dx\\python\\artifacts\\official\\3.14.5\\pythoncore-amd64\\runtime\\python.exe",
  "jit": {
    "has_jit": true,
    "jit_available": true,
    "jit_enabled": false
  },
  "platform": "Windows-11-10.0.26200-SP0",
  "tasks": {
    "class_attr": {
      "checksum": "57602640000",
      "durations_seconds": [
        0.12221500000123342,
        0.12050060000001395,
        0.15036629999849538,
        0.16577030000007653,
        0.13411080000150832
      ],
      "median_seconds": 0.13411080000150832,
      "min_seconds": 0.12050060000001395
    },
    "decimal_math": {
      "checksum": "281389",
      "durations_seconds": [
        0.08744950000073004,
        0.07323160000123607,
        0.06915330000083486,
        0.06897630000094068,
        0.06951409999965108
      ],
      "median_seconds": 0.06951409999965108,
      "min_seconds": 0.06897630000094068
    },
    "function_calls": {
      "checksum": "3521294468",
      "durations_seconds": [
        0.32153549999929965,
        0.3015660000000935,
        0.2958166999997047,
        0.27693969999927504,
        0.2388725999990129
      ],
      "median_seconds": 0.2958166999997047,
      "min_seconds": 0.2388725999990129
    },
    "int_loop": {
      "checksum": "8999977",
      "durations_seconds": [
        0.17284560000007332,
        0.17345019999993383,
        0.21023829999830923,
        0.19487579999986337,
        0.21304369999961636
      ],
      "median_seconds": 0.19487579999986337,
      "min_seconds": 0.17284560000007332
    },
    "json_regex": {
      "checksum": "739574",
      "durations_seconds": [
        0.02632369999992079,
        0.021851099998457357,
        0.02117089999956079,
        0.022860999999466003,
        0.02683720000095491
      ],
      "median_seconds": 0.022860999999466003,
      "min_seconds": 0.02117089999956079
    },
    "list_dict": {
      "checksum": "366580725",
      "durations_seconds": [
        0.0604657000003499,
        0.05563590000019758,
        0.0515756999993755,
        0.052842399998553446,
        0.05077519999940705
      ],
      "median_seconds": 0.052842399998553446,
      "min_seconds": 0.05077519999940705
    }
  },
  "version": "3.14.5 (tags/v3.14.5:5607950, May 10 2026, 10:43:50) [MSC v.1944 64 bit (AMD64)]"
}