{
  "durations_seconds": [
    0.03296169999975973,
    0.027650300000459538,
    0.02807329999996,
    0.026998599999387807,
    0.03112299999975221,
    0.026769099999910395,
    0.02738590000080876,
    0.03053970000019035,
    0.028730399999403744,
    0.03291270000045188,
    0.034455899999557005,
    0.030495300000438874,
    0.027610899999672256,
    0.02712110000084067,
    0.028480199999648903,
    0.02699899999970512
  ],
  "median_seconds": 0.02827674999980445,
  "min_seconds": 0.026769099999910395
}