{
  "executable": "G:\\Dx\\python\\artifacts\\official\\3.14.5\\pythoncore-amd64\\runtime\\python.exe",
  "jit": {
    "has_jit": true,
    "jit_available": true,
    "jit_enabled": false
  },
  "platform": "Windows-11-10.0.26200-SP0",
  "tasks": {
    "class_attr": {
      "checksum": "57602640000",
      "durations_seconds": [
        0.14903080000021873,
        0.14480820000062522,
        0.1711808000000019,
        0.1614393999998356,
        0.1653152000008049,
        0.14922509999996691,
        0.12313070000072912
      ],
      "median_seconds": 0.14922509999996691,
      "min_seconds": 0.12313070000072912
    },
    "decimal_math": {
      "checksum": "281389",
      "durations_seconds": [
        0.08432039999934204,
        0.08916840000074444,
        0.0934754999998404,
        0.10936750000018947,
        0.08015660000000935,
        0.10333549999995739,
        0.09193130000039673
      ],
      "median_seconds": 0.09193130000039673,
      "min_seconds": 0.08015660000000935
    },
    "function_calls": {
      "checksum": "3521294468",
      "durations_seconds": [
        0.2567873999996664,
        0.29727829999956157,
        0.29781139999977313,
        0.27554500000042026,
        0.24168180000015127,
        0.23773699999946984,
        0.22232479999911448
      ],
      "median_seconds": 0.2567873999996664,
      "min_seconds": 0.22232479999911448
    },
    "int_loop": {
      "checksum": "8999977",
      "durations_seconds": [
        0.18166010000004462,
        0.1859428999996453,
        0.17606449999948381,
        0.20348319999993691,
        0.20364369999970222,
        0.19755019999956858,
        0.20355430000017805
      ],
      "median_seconds": 0.19755019999956858,
      "min_seconds": 0.17606449999948381
    },
    "json_regex": {
      "checksum": "739574",
      "durations_seconds": [
        0.02556689999983064,
        0.03139689999989059,
        0.03107610000006389,
        0.026867700000366312,
        0.03609330000017508,
        0.03429049999976996,
        0.0320622999997795
      ],
      "median_seconds": 0.03139689999989059,
      "min_seconds": 0.02556689999983064
    },
    "list_dict": {
      "checksum": "366580725",
      "durations_seconds": [
        0.0561822999998185,
        0.061875899999904505,
        0.061414499999955297,
        0.07000910000078875,
        0.04977260000032402,
        0.06254549999994197,
        0.0638928999997006
      ],
      "median_seconds": 0.061875899999904505,
      "min_seconds": 0.04977260000032402
    }
  },
  "version": "3.14.5 (tags/v3.14.5:5607950, May 10 2026, 10:43:50) [MSC v.1944 64 bit (AMD64)]"
}