{
  "durations_seconds": [
    0.03412469999966561,
    0.030280300001322757,
    0.027929699999731383,
    0.03969189999952505,
    0.036844799999016686,
    0.03670539999984612,
    0.03761809999923571,
    0.03698919999987993,
    0.030781200001001707,
    0.02915700000085053,
    0.030729000000064843,
    0.02943290000075649
  ],
  "median_seconds": 0.03245295000033366,
  "min_seconds": 0.027929699999731383
}