{
  "executable": "G:\\Dx\\python\\artifacts\\official\\3.14.5\\pythoncore-amd64\\runtime\\python.exe",
  "jit": {
    "has_jit": true,
    "jit_available": true,
    "jit_enabled": false
  },
  "platform": "Windows-11-10.0.26200-SP0",
  "tasks": {
    "class_attr": {
      "checksum": "57602640000",
      "durations_seconds": [
        0.14804829999957292,
        0.14148179999938293,
        0.19860259999950358,
        0.16995630000019446,
        0.12078250000013213
      ],
      "median_seconds": 0.14804829999957292,
      "min_seconds": 0.12078250000013213
    },
    "decimal_math": {
      "checksum": "281389",
      "durations_seconds": [
        0.09297949999927368,
        0.08532020000166085,
        0.08171990000118967,
        0.08531260000017937,
        0.0841283999998268
      ],
      "median_seconds": 0.08531260000017937,
      "min_seconds": 0.08171990000118967
    },
    "function_calls": {
      "checksum": "3521294468",
      "durations_seconds": [
        0.29601499999989755,
        0.33091200000126264,
        0.3748025000004418,
        0.3658099000003858,
        0.3144186000008631
      ],
      "median_seconds": 0.33091200000126264,
      "min_seconds": 0.29601499999989755
    },
    "int_loop": {
      "checksum": "8999977",
      "durations_seconds": [
        0.18539079999936803,
        0.18780390000029,
        0.21019780000096944,
        0.24241500000061933,
        0.27252820000103384
      ],
      "median_seconds": 0.21019780000096944,
      "min_seconds": 0.18539079999936803
    },
    "json_regex": {
      "checksum": "739574",
      "durations_seconds": [
        0.03438280000045779,
        0.028449000001273816,
        0.022692700000334298,
        0.02120889999969222,
        0.021019299998442875
      ],
      "median_seconds": 0.022692700000334298,
      "min_seconds": 0.021019299998442875
    },
    "list_dict": {
      "checksum": "366580725",
      "durations_seconds": [
        0.07184099999903992,
        0.05395230000067386,
        0.06514549999883457,
        0.08646279999993567,
        0.06439050000153657
      ],
      "median_seconds": 0.06514549999883457,
      "min_seconds": 0.05395230000067386
    }
  },
  "version": "3.14.5 (tags/v3.14.5:5607950, May 10 2026, 10:43:50) [MSC v.1944 64 bit (AMD64)]"
}