{
  "durations_seconds": [
    0.03422429999955057,
    0.03655140000046231,
    0.03504290000000765,
    0.03459980000025098,
    0.029475999999704072,
    0.034955099999933736,
    0.03357910000067932,
    0.034303100000215636,
    0.02779700000064622,
    0.03263299999980518,
    0.025666399999863643,
    0.037730300000475836
  ],
  "median_seconds": 0.0342636999998831,
  "min_seconds": 0.025666399999863643
}