{
  "executable": "G:\\Dx\\python\\artifacts\\official\\3.14.5\\embed-amd64\\python.exe",
  "jit": {
    "has_jit": true,
    "jit_available": true,
    "jit_enabled": false
  },
  "platform": "Windows-11-10.0.26200-SP0",
  "tasks": {
    "class_attr": {
      "checksum": "57602640000",
      "durations_seconds": [
        0.18700230000013107,
        0.17159840000022086,
        0.1543970000002446,
        0.16102150000006077,
        0.1364408999997977
      ],
      "median_seconds": 0.16102150000006077,
      "min_seconds": 0.1364408999997977
    },
    "decimal_math": {
      "checksum": "281389",
      "durations_seconds": [
        0.10922169999957987,
        0.10993110000072193,
        0.1112978999999541,
        0.1388213000000178,
        0.08976069999971514
      ],
      "median_seconds": 0.10993110000072193,
      "min_seconds": 0.08976069999971514
    },
    "function_calls": {
      "checksum": "3521294468",
      "durations_seconds": [
        0.35501750000003085,
        0.3247661000004882,
        0.28676269999959914,
        0.2978144999997312,
        0.32665499999984604
      ],
      "median_seconds": 0.3247661000004882,
      "min_seconds": 0.28676269999959914
    },
    "int_loop": {
      "checksum": "8999977",
      "durations_seconds": [
        0.3257023999994999,
        0.30542420000074344,
        0.30805529999997816,
        0.3312138999999661,
        0.3152030000001105
      ],
      "median_seconds": 0.3152030000001105,
      "min_seconds": 0.30542420000074344
    },
    "json_regex": {
      "checksum": "739574",
      "durations_seconds": [
        0.03585109999949054,
        0.036256999999750406,
        0.04231959999924584,
        0.035143199999765784,
        0.033468700000412355
      ],
      "median_seconds": 0.03585109999949054,
      "min_seconds": 0.033468700000412355
    },
    "list_dict": {
      "checksum": "366580725",
      "durations_seconds": [
        0.06789519999983895,
        0.07911729999977979,
        0.08223299999917799,
        0.07734129999971628,
        0.07833800000025803
      ],
      "median_seconds": 0.07833800000025803,
      "min_seconds": 0.06789519999983895
    }
  },
  "version": "3.14.5 (tags/v3.14.5:5607950, May 10 2026, 10:43:50) [MSC v.1944 64 bit (AMD64)]"
}