{
  "durations_seconds": [
    0.02488820000053238,
    0.026161300000239862,
    0.02590980000059062,
    0.02711060000001453,
    0.0257078000004185,
    0.025746600000275066,
    0.025860300000204006,
    0.02572890000010375,
    0.02609039999970264,
    0.0264234000005672,
    0.02631759999985661,
    0.025998900000558933,
    0.025385300000380084,
    0.025203700000020035,
    0.025078399999983958,
    0.026265299999977287
  ],
  "median_seconds": 0.025885050000397314,
  "min_seconds": 0.02488820000053238
}