{
  "executable": "G:\\Dx\\python\\artifacts\\official\\3.14.5\\pythoncore-amd64\\runtime\\python.exe",
  "jit": {
    "has_jit": true,
    "jit_available": true,
    "jit_enabled": true
  },
  "platform": "Windows-11-10.0.26200-SP0",
  "tasks": {
    "class_attr": {
      "checksum": "57602640000",
      "durations_seconds": [
        0.10319329999947513,
        0.11793219999981375,
        0.11608509999950911,
        0.10315050000008341,
        0.10820479999983945,
        0.11462250000022323,
        0.12699669999983598
      ],
      "median_seconds": 0.11462250000022323,
      "min_seconds": 0.10315050000008341
    },
    "decimal_math": {
      "checksum": "281389",
      "durations_seconds": [
        0.07543390000046202,
        0.0814540000001216,
        0.07680179999988468,
        0.08958480000001146,
        0.10096690000045783,
        0.09519639999962237,
        0.11733490000005986
      ],
      "median_seconds": 0.08958480000001146,
      "min_seconds": 0.07543390000046202
    },
    "function_calls": {
      "checksum": "3521294468",
      "durations_seconds": [
        0.1811956999999893,
        0.18152550000013434,
        0.1850616000001537,
        0.18086940000011964,
        0.17346140000063315,
        0.17353749999983847,
        0.17787200000020675
      ],
      "median_seconds": 0.18086940000011964,
      "min_seconds": 0.17346140000063315
    },
    "int_loop": {
      "checksum": "8999977",
      "durations_seconds": [
        0.15289359999951557,
        0.14620519999971293,
        0.14648870000019087,
        0.1442457999992257,
        0.1437354999998206,
        0.1557764999997744,
        0.17010110000046552
      ],
      "median_seconds": 0.14648870000019087,
      "min_seconds": 0.1437354999998206
    },
    "json_regex": {
      "checksum": "739574",
      "durations_seconds": [
        0.02005300000018906,
        0.019050300000344578,
        0.02138790000026347,
        0.019236799999816867,
        0.01919279999947321,
        0.0193159000000378,
        0.02106610000009823
      ],
      "median_seconds": 0.0193159000000378,
      "min_seconds": 0.019050300000344578
    },
    "list_dict": {
      "checksum": "366580725",
      "durations_seconds": [
        0.04760439999972732,
        0.04657889999998588,
        0.04677689999971335,
        0.04519499999969412,
        0.04421040000033827,
        0.04520599999978003,
        0.04341680000015913
      ],
      "median_seconds": 0.04520599999978003,
      "min_seconds": 0.04341680000015913
    }
  },
  "version": "3.14.5 (tags/v3.14.5:5607950, May 10 2026, 10:43:50) [MSC v.1944 64 bit (AMD64)]"
}