{
  "durations_seconds": [
    0.37139269999897806,
    0.23515169999882346,
    0.5947306999951252,
    1.6333854999975301,
    0.357693099998869
  ],
  "median_seconds": 0.37139269999897806,
  "min_seconds": 0.23515169999882346
}