{
  "durations_seconds": [
    0.061467800000173156,
    0.06989009999961127,
    0.07128389999888896,
    0.055445699999836506,
    0.06329639999967185,
    0.05241960000057588,
    0.05052579999937734,
    0.042666200000894605,
    0.0569273000000976,
    0.06639240000004065,
    0.05684159999873373,
    0.06946799999968789,
    0.06073469999864756,
    0.0497150999999576,
    0.0443386000006285,
    0.046433700001216494,
    0.038061799999923096,
    0.04126949999954377,
    0.044309299999440555,
    0.049039300000004005
  ],
  "median_seconds": 0.053932650000206195,
  "min_seconds": 0.038061799999923096
}