{
  "executable": "G:\\Dx\\python\\cpython\\PCbuild\\amd64\\python.exe",
  "jit": {
    "has_jit": true,
    "jit_available": false,
    "jit_enabled": false
  },
  "platform": "Windows-11-10.0.26200-SP0",
  "tasks": {
    "class_attr": {
      "checksum": "57602640000",
      "durations_seconds": [
        0.5286350999995193,
        0.3328605000006064,
        0.34852690000116127,
        0.29383749999942665,
        0.2629911000003631,
        0.29432699999961187,
        0.2974678999999014
      ],
      "median_seconds": 0.2974678999999014,
      "min_seconds": 0.2629911000003631
    },
    "decimal_math": {
      "checksum": "281389",
      "durations_seconds": [
        0.21933660000104283,
        0.25359369999932824,
        0.26093439999931434,
        0.3782774999999674,
        0.48612239999965823,
        0.2932290999997349,
        0.2961680999997043
      ],
      "median_seconds": 0.2932290999997349,
      "min_seconds": 0.21933660000104283
    },
    "function_calls": {
      "checksum": "3521294468",
      "durations_seconds": [
        0.6359802000006312,
        0.5459088999996311,
        0.5433735000005981,
        0.6980970999993588,
        0.5986479000002873,
        0.5709406999994826,
        0.5384723000006488
      ],
      "median_seconds": 0.5709406999994826,
      "min_seconds": 0.5384723000006488
    },
    "int_loop": {
      "checksum": "8999977",
      "durations_seconds": [
        0.4831661999996868,
        0.6533024000000296,
        0.6080643999994209,
        0.4784511999987444,
        0.4681652999988728,
        0.6234872999993968,
        0.5557399000008445
      ],
      "median_seconds": 0.5557399000008445,
      "min_seconds": 0.4681652999988728
    },
    "json_regex": {
      "checksum": "739574",
      "durations_seconds": [
        0.04260980000071868,
        0.05051330000060261,
        0.0525510999996186,
        0.044115700000475044,
        0.04862379999940458,
        0.040039199999228,
        0.04933270000037737
      ],
      "median_seconds": 0.04862379999940458,
      "min_seconds": 0.040039199999228
    },
    "list_dict": {
      "checksum": "366580725",
      "durations_seconds": [
        0.07191559999955643,
        0.07057789999998931,
        0.07079800000065006,
        0.088926000000356,
        0.09201070000017353,
        0.07090410000091651,
        0.09931039999901259
      ],
      "median_seconds": 0.07191559999955643,
      "min_seconds": 0.07057789999998931
    }
  },
  "version": "3.16.0a0 (heads/dev-dirty:5535c1f9c08, May 30 2026, 07:20:18) [MSC v.1950 64 bit (AMD64)]"
}