{
  "durations_seconds": [
    0.04537789999994857,
    0.0396363999998357,
    0.03861080000024231,
    0.046445199999652687,
    0.041981300000770716,
    0.03990969999995286,
    0.08463699999992969,
    0.040656699999999546,
    0.04213419999996404,
    0.04018939999969007,
    0.03957189999982802,
    0.06348330000037095,
    0.08227999999962776,
    0.047828100000515406,
    0.10498350000034407,
    0.0552045000004
  ],
  "median_seconds": 0.043756049999956304,
  "min_seconds": 0.03861080000024231
}