{
  "executable": "G:\\Dx\\python\\artifacts\\official\\3.14.5\\embed-amd64\\python.exe",
  "jit": {
    "has_jit": true,
    "jit_available": true,
    "jit_enabled": true
  },
  "platform": "Windows-11-10.0.26200-SP0",
  "tasks": {
    "class_attr": {
      "checksum": "57602640000",
      "durations_seconds": [
        0.2211942000003546,
        0.27227529999981925,
        0.2449763000004168,
        0.18147469999985333,
        0.5528204000002006,
        0.23800349999964965,
        0.37534510000023147
      ],
      "median_seconds": 0.2449763000004168,
      "min_seconds": 0.18147469999985333
    },
    "decimal_math": {
      "checksum": "281389",
      "durations_seconds": [
        0.45394020000003366,
        0.256796900000154,
        0.5070126999999047,
        0.32362670000020444,
        0.3318818999996438,
        0.23448189999999158,
        0.33178899999984424
      ],
      "median_seconds": 0.33178899999984424,
      "min_seconds": 0.23448189999999158
    },
    "function_calls": {
      "checksum": "3521294468",
      "durations_seconds": [
        0.2497680999995282,
        0.3040816000002451,
        0.23682280000048195,
        0.23599789999934728,
        0.2307184999999663,
        0.2338757000006808,
        0.28914609999992535
      ],
      "median_seconds": 0.23682280000048195,
      "min_seconds": 0.2307184999999663
    },
    "int_loop": {
      "checksum": "8999977",
      "durations_seconds": [
        0.23698869999952876,
        0.29705289999947126,
        0.3205478999998377,
        0.3288411999992604,
        0.3213605999999345,
        0.3144154999999955,
        0.2665781000005154
      ],
      "median_seconds": 0.3144154999999955,
      "min_seconds": 0.23698869999952876
    },
    "json_regex": {
      "checksum": "739574",
      "durations_seconds": [
        0.03556300000036572,
        0.03895329999977548,
        0.03818499999943015,
        0.04292219999933877,
        0.04362039999978151,
        0.04931380000016361,
        0.03980850000061764
      ],
      "median_seconds": 0.03980850000061764,
      "min_seconds": 0.03556300000036572
    },
    "list_dict": {
      "checksum": "366580725",
      "durations_seconds": [
        0.09199979999993957,
        0.0733368999999584,
        0.07013880000067729,
        0.06639369999993505,
        0.06624859999919863,
        0.07305550000000949,
        0.0675279999995837
      ],
      "median_seconds": 0.07013880000067729,
      "min_seconds": 0.06624859999919863
    }
  },
  "version": "3.14.5 (tags/v3.14.5:5607950, May 10 2026, 10:43:50) [MSC v.1944 64 bit (AMD64)]"
}