{
  "durations_seconds": [
    0.029488199999832432,
    0.02829380000002857,
    0.028309100000114995,
    0.027511499998581712,
    0.026356200000009267,
    0.028270800001337193,
    0.025684399999590823,
    0.024789299999611103,
    0.025615599999582628,
    0.02507329999934882,
    0.029252899999846704,
    0.025432399999772315
  ],
  "median_seconds": 0.02693384999929549,
  "min_seconds": 0.024789299999611103
}