{
  "executable": "G:\\Dx\\python\\artifacts\\official\\3.14.5\\pythoncore-amd64\\runtime\\python.exe",
  "jit": {
    "has_jit": true,
    "jit_available": true,
    "jit_enabled": false
  },
  "platform": "Windows-11-10.0.26200-SP0",
  "tasks": {
    "class_attr": {
      "checksum": "57602640000",
      "durations_seconds": [
        0.12287389999983134,
        0.11733550000099058,
        0.12342720000015106,
        0.11761180000030436,
        0.11764340000081575
      ],
      "median_seconds": 0.11764340000081575,
      "min_seconds": 0.11733550000099058
    },
    "decimal_math": {
      "checksum": "281389",
      "durations_seconds": [
        0.08480299999973795,
        0.06866219999938039,
        0.06998559999919962,
        0.06934440000077302,
        0.07688139999845589
      ],
      "median_seconds": 0.06998559999919962,
      "min_seconds": 0.06866219999938039
    },
    "function_calls": {
      "checksum": "3521294468",
      "durations_seconds": [
        0.33430720000069414,
        0.25397239999983867,
        0.2282121999996889,
        0.21691289999944274,
        0.2506451000008383
      ],
      "median_seconds": 0.2506451000008383,
      "min_seconds": 0.21691289999944274
    },
    "int_loop": {
      "checksum": "8999977",
      "durations_seconds": [
        0.15637430000060704,
        0.16159429999970598,
        0.15944780000063474,
        0.17528579999998328,
        0.16399850000016158
      ],
      "median_seconds": 0.16159429999970598,
      "min_seconds": 0.15637430000060704
    },
    "json_regex": {
      "checksum": "739574",
      "durations_seconds": [
        0.025097899999309448,
        0.0314077000002726,
        0.022129399998448207,
        0.02021740000054706,
        0.0201519999991433
      ],
      "median_seconds": 0.022129399998448207,
      "min_seconds": 0.0201519999991433
    },
    "list_dict": {
      "checksum": "366580725",
      "durations_seconds": [
        0.053004900000814814,
        0.05387189999964903,
        0.051235799999631126,
        0.05056900000090536,
        0.05010049999873445
      ],
      "median_seconds": 0.051235799999631126,
      "min_seconds": 0.05010049999873445
    }
  },
  "version": "3.14.5 (tags/v3.14.5:5607950, May 10 2026, 10:43:50) [MSC v.1944 64 bit (AMD64)]"
}