{
  "durations_seconds": [
    0.03768899999704445,
    0.030248099996242672,
    0.03120689999923343,
    0.02902159999939613,
    0.028517099999589846
  ],
  "median_seconds": 0.030248099996242672,
  "min_seconds": 0.028517099999589846
}