{
  "durations_seconds": [
    0.044911200000569806,
    0.06350259999999253,
    0.044689000000289525,
    0.03690129999995406,
    0.038250499999776366,
    0.04002039999977569,
    0.05070440000054077,
    0.05180079999990994,
    0.14544870000099763,
    0.04950469999857887,
    0.07324599999992643,
    0.04701719999866327,
    0.047839099999691825,
    0.05683180000050925,
    0.05747510000037437,
    0.05386189999990165,
    0.0486551000012696,
    0.04550059999928635,
    0.04373180000038701,
    0.04092969999874185
  ],
  "median_seconds": 0.048247100000480714,
  "min_seconds": 0.03690129999995406
}