{
  "executable": "G:\\Dx\\python\\artifacts\\official\\3.14.5\\pythoncore-amd64\\runtime\\python.exe",
  "jit": {
    "has_jit": true,
    "jit_available": true,
    "jit_enabled": false
  },
  "platform": "Windows-11-10.0.26200-SP0",
  "tasks": {
    "class_attr": {
      "checksum": "57602640000",
      "durations_seconds": [
        0.13653979999980947,
        0.1259007999997266,
        0.150790000001507,
        0.14703430000008666,
        0.13971130000027188,
        0.14931500000056985,
        0.13538410000001022
      ],
      "median_seconds": 0.13971130000027188,
      "min_seconds": 0.1259007999997266
    },
    "decimal_math": {
      "checksum": "281389",
      "durations_seconds": [
        0.12895319999915955,
        0.12804809999943245,
        0.11249970000062604,
        0.10740579999946931,
        0.08424959999865678,
        0.07570920000034675,
        0.09243440000136616
      ],
      "median_seconds": 0.10740579999946931,
      "min_seconds": 0.07570920000034675
    },
    "function_calls": {
      "checksum": "3521294468",
      "durations_seconds": [
        0.29093250000005355,
        0.26064490000135265,
        0.2834053999995376,
        0.2945686000002752,
        0.2796355999998923,
        0.3350968999984616,
        0.29935239999940677
      ],
      "median_seconds": 0.29093250000005355,
      "min_seconds": 0.26064490000135265
    },
    "int_loop": {
      "checksum": "8999977",
      "durations_seconds": [
        0.27874379999957455,
        0.2346661999999924,
        0.24269640000056825,
        0.19693949999964389,
        0.20741379999890341,
        0.21634980000089854,
        0.22823580000112997
      ],
      "median_seconds": 0.22823580000112997,
      "min_seconds": 0.19693949999964389
    },
    "json_regex": {
      "checksum": "739574",
      "durations_seconds": [
        0.04160510000110662,
        0.036039199998413096,
        0.034892699999545584,
        0.04075180000108958,
        0.03602320000027248,
        0.037636099999872386,
        0.03888759999972535
      ],
      "median_seconds": 0.037636099999872386,
      "min_seconds": 0.034892699999545584
    },
    "list_dict": {
      "checksum": "366580725",
      "durations_seconds": [
        0.08434099999976752,
        0.08344550000037998,
        0.07665690000067116,
        0.06788090000009106,
        0.06472430000030727,
        0.0700622000003932,
        0.06443030000082217
      ],
      "median_seconds": 0.0700622000003932,
      "min_seconds": 0.06443030000082217
    }
  },
  "version": "3.14.5 (tags/v3.14.5:5607950, May 10 2026, 10:43:50) [MSC v.1944 64 bit (AMD64)]"
}