{
  "durations_seconds": [
    0.03257289999964996,
    0.02672829999937676,
    0.02556160000131058,
    0.030058700000154204,
    0.025722599999426166,
    0.02448240000012447,
    0.02534879999984696,
    0.02526209999996354,
    0.02782649999971909,
    0.02827609999985725,
    0.0306163999994169,
    0.025220100000296952
  ],
  "median_seconds": 0.026225449999401462,
  "min_seconds": 0.02448240000012447
}