{
  "executable": "G:\\Dx\\python\\cpython\\PCbuild\\amd64\\python.exe",
  "jit": {
    "has_jit": true,
    "jit_available": true,
    "jit_enabled": false
  },
  "platform": "Windows-11-10.0.26200-SP0",
  "tasks": {
    "class_attr": {
      "checksum": "57602640000",
      "durations_seconds": [
        0.3628580000004149,
        0.323382099999435,
        0.32082289999925706,
        0.34540779999952065,
        0.33645739999883517
      ],
      "median_seconds": 0.33645739999883517,
      "min_seconds": 0.32082289999925706
    },
    "decimal_math": {
      "checksum": "281389",
      "durations_seconds": [
        0.10885810000036145,
        0.115411499999027,
        0.09785250000095402,
        0.10045149999859859,
        0.11197720000018307
      ],
      "median_seconds": 0.10885810000036145,
      "min_seconds": 0.09785250000095402
    },
    "function_calls": {
      "checksum": "3521294468",
      "durations_seconds": [
        0.7925721999999951,
        0.8150632999986556,
        0.7667433000005985,
        0.44490919999952894,
        0.4160458000005747
      ],
      "median_seconds": 0.7667433000005985,
      "min_seconds": 0.4160458000005747
    },
    "int_loop": {
      "checksum": "8999977",
      "durations_seconds": [
        0.4495148000005429,
        0.4470832999995764,
        0.40950010000051407,
        0.4315860000006069,
        0.448287999999593
      ],
      "median_seconds": 0.4470832999995764,
      "min_seconds": 0.40950010000051407
    },
    "json_regex": {
      "checksum": "739574",
      "durations_seconds": [
        0.04595630000039819,
        0.04840619999959017,
        0.04513290000068082,
        0.04104610000104003,
        0.02958030000081635
      ],
      "median_seconds": 0.04513290000068082,
      "min_seconds": 0.02958030000081635
    },
    "list_dict": {
      "checksum": "366580725",
      "durations_seconds": [
        0.0740458000000217,
        0.07183369999984279,
        0.06427309999889985,
        0.08255339999959688,
        0.09331879999990633
      ],
      "median_seconds": 0.0740458000000217,
      "min_seconds": 0.06427309999889985
    }
  },
  "version": "3.16.0a0 (heads/dev-dirty:5535c1f9c08, May 30 2026, 05:06:48) [MSC v.1950 64 bit (AMD64)]"
}