{
  "durations_seconds": [
    0.06844920000003185,
    0.05835520000255201,
    0.055690100001811516,
    0.06744800000160467,
    0.5450831999987713
  ],
  "median_seconds": 0.06744800000160467,
  "min_seconds": 0.055690100001811516
}