{
  "durations_seconds": [
    0.05978740000136895,
    0.04763950000051409,
    0.0493960000021616,
    0.056621800002176315,
    0.06795069999498082
  ],
  "median_seconds": 0.056621800002176315,
  "min_seconds": 0.04763950000051409
}