{
  "durations_seconds": [
    0.0394272000012279,
    0.03312809999988531,
    0.03589570000076492,
    0.03770699999950011,
    0.0390746000011859,
    0.030755099998714286,
    0.03811669999959122,
    0.04330709999885585,
    0.03751460000057705,
    0.03215239999917685,
    0.03217360000053304,
    0.03536859999985609,
    0.0353783000009571,
    0.03321909999976924,
    0.0327980000001844,
    0.028659499999776017,
    0.03433020000011311,
    0.03219799999897077,
    0.03282489999946847,
    0.03503690000070492
  ],
  "median_seconds": 0.034683550000409014,
  "min_seconds": 0.028659499999776017
}