{
  "executable": "G:\\Dx\\python\\cpython\\PCbuild\\amd64\\python.exe",
  "jit": {
    "has_jit": true,
    "jit_available": false,
    "jit_enabled": false
  },
  "platform": "Windows-11-10.0.26200-SP0",
  "tasks": {
    "class_attr": {
      "checksum": "57602640000",
      "durations_seconds": [
        0.23262470000008761,
        0.23293069999999716,
        0.24054030000115745,
        0.2421943999997893,
        0.24829420000060054,
        0.29863990000012564,
        0.3439734000003227
      ],
      "median_seconds": 0.2421943999997893,
      "min_seconds": 0.23262470000008761
    },
    "decimal_math": {
      "checksum": "281389",
      "durations_seconds": [
        0.20800079999935406,
        0.23214939999888884,
        0.21812789999967208,
        0.1618440999991435,
        0.1611585999999079,
        0.16407080000135466,
        0.15121650000037334
      ],
      "median_seconds": 0.16407080000135466,
      "min_seconds": 0.15121650000037334
    },
    "function_calls": {
      "checksum": "3521294468",
      "durations_seconds": [
        0.5158374000002368,
        0.45467350000035367,
        0.5052868000002491,
        0.788148600000568,
        0.5795682000007218,
        0.5396864999984246,
        0.6518720000003668
      ],
      "median_seconds": 0.5396864999984246,
      "min_seconds": 0.45467350000035367
    },
    "int_loop": {
      "checksum": "8999977",
      "durations_seconds": [
        0.5740010000008624,
        0.4447444999987056,
        0.3477590999991662,
        0.3932926999987103,
        0.43534209999961604,
        0.48262370000156807,
        0.4518824999995559
      ],
      "median_seconds": 0.4447444999987056,
      "min_seconds": 0.3477590999991662
    },
    "json_regex": {
      "checksum": "739574",
      "durations_seconds": [
        0.03674180000052729,
        0.031505299999480485,
        0.03907729999991716,
        0.047965300000214484,
        0.03721670000049926,
        0.05761189999975613,
        0.05483589999857941
      ],
      "median_seconds": 0.03907729999991716,
      "min_seconds": 0.031505299999480485
    },
    "list_dict": {
      "checksum": "366580725",
      "durations_seconds": [
        0.09672900000077789,
        0.09605179999925895,
        0.09416609999971115,
        0.11466769999969983,
        0.10707759999968403,
        0.1010963000007905,
        0.0979351999994833
      ],
      "median_seconds": 0.0979351999994833,
      "min_seconds": 0.09416609999971115
    }
  },
  "version": "3.16.0a0 (heads/dev-dirty:5535c1f9c08, May 30 2026, 07:20:18) [MSC v.1950 64 bit (AMD64)]"
}