{
  "durations_seconds": [
    0.45011199999862583,
    0.2038098000048194,
    0.23504870000033407,
    0.30957569999736734,
    0.39180530000157887
  ],
  "median_seconds": 0.30957569999736734,
  "min_seconds": 0.2038098000048194
}