{
  "durations_seconds": [
    0.03746210000008432,
    0.02359009999963746,
    0.024282399999719928,
    0.024192900000343798,
    0.02562359999956243,
    0.024819600000228093,
    0.023663500000111526,
    0.02399969999987661,
    0.02434599999924103,
    0.02539040000010573,
    0.025855200000478362,
    0.02455569999983709,
    0.023875699999734934,
    0.025044600000001083,
    0.024197999999159947,
    0.0253671000000395
  ],
  "median_seconds": 0.02445084999953906,
  "min_seconds": 0.02359009999963746
}