{
  "executable": "G:\\Dx\\python\\cpython\\PCbuild\\amd64\\python.exe",
  "jit": {
    "has_jit": true,
    "jit_available": true,
    "jit_enabled": true
  },
  "platform": "Windows-11-10.0.26200-SP0",
  "tasks": {
    "class_attr": {
      "checksum": "57602640000",
      "durations_seconds": [
        0.22705869999936112,
        0.24080849999972997,
        0.26181629999973666,
        0.29112350000013976,
        0.24956579999980022,
        0.2606861999993271,
        0.3700744999996459
      ],
      "median_seconds": 0.2606861999993271,
      "min_seconds": 0.22705869999936112
    },
    "decimal_math": {
      "checksum": "281389",
      "durations_seconds": [
        0.08796689999962837,
        0.07634310000048572,
        0.08731719999923371,
        0.08577919999970618,
        0.07585629999994126,
        0.07904150000013033,
        0.07695419999981823
      ],
      "median_seconds": 0.07904150000013033,
      "min_seconds": 0.07585629999994126
    },
    "function_calls": {
      "checksum": "3521294468",
      "durations_seconds": [
        0.4814357999994172,
        0.4641710999994757,
        0.5107743999997183,
        0.46145919999980833,
        0.4789066000003004,
        0.5429232999995293,
        0.4558514999998806
      ],
      "median_seconds": 0.4789066000003004,
      "min_seconds": 0.4558514999998806
    },
    "int_loop": {
      "checksum": "8999977",
      "durations_seconds": [
        0.1301437000001897,
        0.14136890000008862,
        0.14027959999930317,
        0.13337749999936932,
        0.16525189999993017,
        0.15988130000005185,
        0.20414489999984653
      ],
      "median_seconds": 0.14136890000008862,
      "min_seconds": 0.1301437000001897
    },
    "json_regex": {
      "checksum": "739574",
      "durations_seconds": [
        0.02206540000042878,
        0.021780899999612302,
        0.021740700000009383,
        0.021553500000663917,
        0.022651000000223576,
        0.02677029999995284,
        0.021744800000305986
      ],
      "median_seconds": 0.021780899999612302,
      "min_seconds": 0.021553500000663917
    },
    "list_dict": {
      "checksum": "366580725",
      "durations_seconds": [
        0.05115320000004431,
        0.04557680000016262,
        0.045484100000066974,
        0.04462969999985944,
        0.05186050000065734,
        0.05859009999949194,
        0.04545739999957732
      ],
      "median_seconds": 0.04557680000016262,
      "min_seconds": 0.04462969999985944
    }
  },
  "version": "3.16.0a0 (heads/dev-dirty:5535c1f9c08, May 30 2026, 05:06:48) [MSC v.1950 64 bit (AMD64)]"
}