{
  "durations_seconds": [
    0.0287043000007543,
    0.027846299999509938,
    0.027728799999749754,
    0.02766209999936109,
    0.027004499999748077,
    0.026364299999841023,
    0.028129700000135927,
    0.026867700000366312,
    0.03056260000084876,
    0.13367860000107612,
    0.10297669999999925,
    0.17244959999879939
  ],
  "median_seconds": 0.027987999999822932,
  "min_seconds": 0.026364299999841023
}