{
  "executable": "G:\\Dx\\python\\artifacts\\official\\3.14.5\\pythoncore-amd64\\runtime\\python.exe",
  "jit": {
    "has_jit": true,
    "jit_available": true,
    "jit_enabled": true
  },
  "platform": "Windows-11-10.0.26200-SP0",
  "tasks": {
    "class_attr": {
      "checksum": "57602640000",
      "durations_seconds": [
        0.17743420000078913,
        0.12817069999982778,
        0.13799639999888313,
        0.12145059999966179,
        0.12377769999875454
      ],
      "median_seconds": 0.12817069999982778,
      "min_seconds": 0.12145059999966179
    },
    "decimal_math": {
      "checksum": "281389",
      "durations_seconds": [
        0.10406790000160981,
        0.11710470000070927,
        0.1065467999997054,
        0.09880320000047504,
        0.1426566999998613
      ],
      "median_seconds": 0.1065467999997054,
      "min_seconds": 0.09880320000047504
    },
    "function_calls": {
      "checksum": "3521294468",
      "durations_seconds": [
        0.29745159999947646,
        0.35790909999923315,
        0.3621825999998691,
        0.38918050000029325,
        0.3354467000008299
      ],
      "median_seconds": 0.35790909999923315,
      "min_seconds": 0.29745159999947646
    },
    "int_loop": {
      "checksum": "8999977",
      "durations_seconds": [
        0.32568779999928665,
        0.3259555000004184,
        0.3112424999999348,
        0.3086707000002207,
        0.27073829999972077
      ],
      "median_seconds": 0.3112424999999348,
      "min_seconds": 0.27073829999972077
    },
    "json_regex": {
      "checksum": "739574",
      "durations_seconds": [
        0.027447899999970105,
        0.03509870000016235,
        0.028666899999734596,
        0.037130500000785105,
        0.024135999999998603
      ],
      "median_seconds": 0.028666899999734596,
      "min_seconds": 0.024135999999998603
    },
    "list_dict": {
      "checksum": "366580725",
      "durations_seconds": [
        0.07087609999871347,
        0.07372170000053302,
        0.07250930000009248,
        0.06260099999963131,
        0.06811550000020361
      ],
      "median_seconds": 0.07087609999871347,
      "min_seconds": 0.06260099999963131
    }
  },
  "version": "3.14.5 (tags/v3.14.5:5607950, May 10 2026, 10:43:50) [MSC v.1944 64 bit (AMD64)]"
}