{
  "durations_seconds": [
    0.046455300000161515,
    0.03583789999993314,
    0.028508700000202225,
    0.03552560000025551,
    0.02750670000023092,
    0.038991499999610824,
    0.04113560000041616,
    0.03700340000068536,
    0.037047400000119524,
    0.037028900000223075,
    0.028459899999688787,
    0.03163779999977123,
    0.03885459999946761,
    0.03956880000077945,
    0.03479650000008405,
    0.032506999999895925
  ],
  "median_seconds": 0.03642065000030925,
  "min_seconds": 0.02750670000023092
}