{
  "executable": "G:\\Dx\\python\\cpython\\PCbuild\\amd64\\python.exe",
  "jit": {
    "has_jit": true,
    "jit_available": true,
    "jit_enabled": false
  },
  "platform": "Windows-11-10.0.26200-SP0",
  "tasks": {
    "class_attr": {
      "checksum": "57602640000",
      "durations_seconds": [
        0.2405929999995351,
        0.2794607999994696,
        0.28433120000045164,
        0.23068850000072416,
        0.2546193999996831,
        0.22853769999983342,
        0.21831060000022262
      ],
      "median_seconds": 0.2405929999995351,
      "min_seconds": 0.21831060000022262
    },
    "decimal_math": {
      "checksum": "281389",
      "durations_seconds": [
        0.08823449999999866,
        0.08889490000001388,
        0.08459560000028432,
        0.08707569999933185,
        0.10230010000032053,
        0.1053674000004321,
        0.12136129999998957
      ],
      "median_seconds": 0.08889490000001388,
      "min_seconds": 0.08459560000028432
    },
    "function_calls": {
      "checksum": "3521294468",
      "durations_seconds": [
        0.41517930000009073,
        0.4642394000002241,
        0.40099110000028304,
        0.44149519999973563,
        0.4614164999993591,
        0.4807909999999538,
        0.4928768999998283
      ],
      "median_seconds": 0.4614164999993591,
      "min_seconds": 0.40099110000028304
    },
    "int_loop": {
      "checksum": "8999977",
      "durations_seconds": [
        0.40402499999981956,
        0.38421459999972285,
        0.3288025000001653,
        0.42667449999953533,
        0.5662300999993022,
        0.49120770000081393,
        0.4541880000006131
      ],
      "median_seconds": 0.42667449999953533,
      "min_seconds": 0.3288025000001653
    },
    "json_regex": {
      "checksum": "739574",
      "durations_seconds": [
        0.024633799999719486,
        0.02417539999987639,
        0.025342199999613513,
        0.023660599999857368,
        0.025386499999513035,
        0.02394319999984873,
        0.024604199999885168
      ],
      "median_seconds": 0.024604199999885168,
      "min_seconds": 0.023660599999857368
    },
    "list_dict": {
      "checksum": "366580725",
      "durations_seconds": [
        0.07745199999953911,
        0.06852629999957571,
        0.09169370000017807,
        0.07115049999993062,
        0.06757099999958882,
        0.07080980000046111,
        0.0720539000003555
      ],
      "median_seconds": 0.07115049999993062,
      "min_seconds": 0.06757099999958882
    }
  },
  "version": "3.16.0a0 (heads/dev-dirty:5535c1f9c08, May 30 2026, 05:06:48) [MSC v.1950 64 bit (AMD64)]"
}