{
  "durations_seconds": [
    0.028567599999405502,
    0.027967400000306952,
    0.03098269999918557,
    0.02946109999993496,
    0.030985899999905087,
    0.02765460000046005,
    0.03045040000051813,
    0.031258799999704934,
    0.02777680000053806,
    0.029738299999735318,
    0.026494499999898835,
    0.0281144000000495,
    0.028797199999644363,
    0.026763800000480842,
    0.028039600000738574,
    0.030395400000088557
  ],
  "median_seconds": 0.028682399999524932,
  "min_seconds": 0.026494499999898835
}