{
  "executable": "G:\\Dx\\python\\artifacts\\official\\3.14.5\\pythoncore-amd64\\runtime\\python.exe",
  "jit": {
    "has_jit": true,
    "jit_available": true,
    "jit_enabled": true
  },
  "platform": "Windows-11-10.0.26200-SP0",
  "tasks": {
    "class_attr": {
      "checksum": "57602640000",
      "durations_seconds": [
        0.09468060000017431,
        0.1001336999997875,
        0.13691089999974793,
        0.12197389999982988,
        0.11390430000028573,
        0.11461109999982,
        0.10482080000019778
      ],
      "median_seconds": 0.11390430000028573,
      "min_seconds": 0.09468060000017431
    },
    "decimal_math": {
      "checksum": "281389",
      "durations_seconds": [
        0.08744839999963006,
        0.07348459999957413,
        0.08017459999973653,
        0.08082819999981439,
        0.08970039999985602,
        0.09234310000010737,
        0.08014650000041001
      ],
      "median_seconds": 0.08082819999981439,
      "min_seconds": 0.07348459999957413
    },
    "function_calls": {
      "checksum": "3521294468",
      "durations_seconds": [
        0.20548020000023826,
        0.19526799999948707,
        0.18716529999983322,
        0.21882619999996678,
        0.2539606000000276,
        0.2382744000005914,
        0.2328056000005745
      ],
      "median_seconds": 0.21882619999996678,
      "min_seconds": 0.18716529999983322
    },
    "int_loop": {
      "checksum": "8999977",
      "durations_seconds": [
        0.18393560000004072,
        0.17718340000010357,
        0.1727668999992602,
        0.1579851000005874,
        0.15694799999982934,
        0.17091239999990648,
        0.1505946999996013
      ],
      "median_seconds": 0.17091239999990648,
      "min_seconds": 0.1505946999996013
    },
    "json_regex": {
      "checksum": "739574",
      "durations_seconds": [
        0.02800539999952889,
        0.03653229999963514,
        0.024242499999672873,
        0.036283800000092015,
        0.022009000000252854,
        0.022649900000033085,
        0.020346299999800976
      ],
      "median_seconds": 0.024242499999672873,
      "min_seconds": 0.020346299999800976
    },
    "list_dict": {
      "checksum": "366580725",
      "durations_seconds": [
        0.05151870000008785,
        0.058841999999458494,
        0.06069670000033511,
        0.05495809999956691,
        0.05209019999983866,
        0.057812600000033854,
        0.06340950000048906
      ],
      "median_seconds": 0.057812600000033854,
      "min_seconds": 0.05151870000008785
    }
  },
  "version": "3.14.5 (tags/v3.14.5:5607950, May 10 2026, 10:43:50) [MSC v.1944 64 bit (AMD64)]"
}