{
  "durations_seconds": [
    0.026220600000669947,
    0.02489609999975073,
    0.025676799999928335,
    0.024929100000008475,
    0.02664569999978994,
    0.025735499999427702,
    0.025913299999956507,
    0.02570950000153971,
    0.026282100001481012,
    0.027936000000408967,
    0.026898000000073807,
    0.026353600000220467
  ],
  "median_seconds": 0.026066950000313227,
  "min_seconds": 0.02489609999975073
}