{
  "executable": "G:\\Dx\\python\\artifacts\\official\\3.14.5\\pythoncore-amd64\\runtime\\python.exe",
  "jit": {
    "has_jit": true,
    "jit_available": true,
    "jit_enabled": true
  },
  "platform": "Windows-11-10.0.26200-SP0",
  "tasks": {
    "class_attr": {
      "checksum": "57602640000",
      "durations_seconds": [
        0.09672649999993155,
        0.11614809999991849,
        0.1010697000001528,
        0.10799619999852439,
        0.11124179999933403
      ],
      "median_seconds": 0.10799619999852439,
      "min_seconds": 0.09672649999993155
    },
    "decimal_math": {
      "checksum": "281389",
      "durations_seconds": [
        0.08154370000011113,
        0.10298080000029586,
        0.10906489999979385,
        0.07066549999944982,
        0.08328049999909126
      ],
      "median_seconds": 0.08328049999909126,
      "min_seconds": 0.07066549999944982
    },
    "function_calls": {
      "checksum": "3521294468",
      "durations_seconds": [
        0.21851170000081765,
        0.22598570000081963,
        0.23849320000044827,
        0.22525880000102916,
        0.22692060000008496
      ],
      "median_seconds": 0.22598570000081963,
      "min_seconds": 0.21851170000081765
    },
    "int_loop": {
      "checksum": "8999977",
      "durations_seconds": [
        0.14747090000128082,
        0.14817629999924975,
        0.139650499999334,
        0.1542347000013251,
        0.13867899999968358
      ],
      "median_seconds": 0.14747090000128082,
      "min_seconds": 0.13867899999968358
    },
    "json_regex": {
      "checksum": "739574",
      "durations_seconds": [
        0.02238520000173594,
        0.020010199999887845,
        0.01898310000069614,
        0.01995329999954265,
        0.02035249999971711
      ],
      "median_seconds": 0.020010199999887845,
      "min_seconds": 0.01898310000069614
    },
    "list_dict": {
      "checksum": "366580725",
      "durations_seconds": [
        0.05127309999988938,
        0.04446740000093996,
        0.044120599999587284,
        0.04405589999987569,
        0.042473099998460384
      ],
      "median_seconds": 0.044120599999587284,
      "min_seconds": 0.042473099998460384
    }
  },
  "version": "3.14.5 (tags/v3.14.5:5607950, May 10 2026, 10:43:50) [MSC v.1944 64 bit (AMD64)]"
}